employee_id,skill_id,proficiency,years_experience
EMP0001,SK071,3,7
EMP0001,SK041,3,12
EMP0001,SK045,4,9
EMP0001,SK034,2,0
EMP0001,SK043,2,2
EMP0001,SK030,2,6
EMP0001,SK004,2,9
EMP0001,SK049,4,6
EMP0001,SK021,2,11
EMP0001,SK036,2,9
EMP0001,SK055,4,14
EMP0001,SK044,2,13
EMP0001,SK005,1,8
EMP0001,SK028,3,4
EMP0001,SK011,3,12
EMP0001,SK066,3,14
EMP0001,SK038,2,12
EMP0001,SK006,2,11
EMP0001,SK010,3,2
EMP0001,SK061,3,8
EMP0001,SK056,2,11
EMP0001,SK072,1,0
EMP0002,SK046,3,2
EMP0002,SK026,5,3
EMP0002,SK006,2,6
EMP0002,SK030,3,6
EMP0002,SK050,4,4
EMP0002,SK036,2,6
EMP0002,SK063,3,8
EMP0002,SK015,2,13
EMP0002,SK054,4,13
EMP0002,SK044,2,8
EMP0002,SK025,2,10
EMP0002,SK011,1,3
EMP0002,SK047,1,8
EMP0002,SK021,3,8
EMP0002,SK055,2,13
EMP0002,SK022,3,3
EMP0002,SK053,3,14
EMP0002,SK007,1,4
EMP0002,SK009,2,8
EMP0002,SK070,3,4
EMP0002,SK042,3,6
EMP0002,SK065,3,6
EMP0002,SK008,1,9
EMP0002,SK017,5,13
EMP0002,SK067,3,4
EMP0002,SK072,3,12
EMP0002,SK018,2,1
EMP0002,SK060,4,8
EMP0003,SK016,2,14
EMP0003,SK068,2,4
EMP0003,SK044,3,2
EMP0003,SK062,4,8
EMP0003,SK023,4,9
EMP0003,SK030,4,7
EMP0003,SK032,2,7
EMP0003,SK041,3,7
EMP0003,SK047,2,3
EMP0003,SK063,2,9
EMP0003,SK011,2,11
EMP0003,SK014,1,8
EMP0003,SK034,2,10
EMP0003,SK061,3,0
EMP0003,SK015,2,4
EMP0003,SK024,3,11
EMP0003,SK018,2,12
EMP0003,SK067,4,12
EMP0003,SK012,4,2
EMP0003,SK052,3,14
EMP0003,SK021,4,9
EMP0003,SK055,4,1
EMP0003,SK033,3,4
EMP0003,SK051,1,0
EMP0004,SK020,3,2
EMP0004,SK043,4,3
EMP0004,SK073,3,0
EMP0004,SK042,3,11
EMP0004,SK030,2,9
EMP0004,SK070,4,4
EMP0004,SK060,3,9
EMP0004,SK056,4,9
EMP0004,SK039,3,3
EMP0004,SK047,2,1
EMP0004,SK066,3,1
EMP0004,SK036,2,10
EMP0004,SK024,3,10
EMP0004,SK029,1,8
EMP0004,SK015,2,14
EMP0004,SK016,2,7
EMP0004,SK061,2,3
EMP0004,SK050,2,2
EMP0004,SK040,4,10
EMP0004,SK062,3,1
EMP0005,SK004,2,8
EMP0005,SK020,3,2
EMP0005,SK069,3,1
EMP0005,SK062,1,14
EMP0005,SK032,3,14
EMP0005,SK060,3,0
EMP0005,SK066,3,9
EMP0005,SK058,2,5
EMP0005,SK039,4,1
EMP0005,SK048,2,10
EMP0005,SK010,5,4
EMP0005,SK064,4,4
EMP0005,SK025,2,5
EMP0005,SK053,2,3
EMP0005,SK016,4,13
EMP0005,SK044,2,14
EMP0005,SK006,1,8
EMP0005,SK018,1,2
EMP0005,SK031,1,4
EMP0005,SK063,5,14
EMP0005,SK011,4,3
EMP0005,SK029,4,3
EMP0005,SK040,1,5
EMP0005,SK003,2,7
EMP0005,SK007,3,13
EMP0005,SK072,4,14
EMP0005,SK033,3,9
EMP0006,SK053,2,13
EMP0006,SK064,3,3
EMP0006,SK007,2,9
EMP0006,SK029,2,7
EMP0006,SK062,2,7
EMP0006,SK025,2,2
EMP0006,SK004,3,0
EMP0006,SK034,3,14
EMP0006,SK028,3,0
EMP0006,SK022,4,6
EMP0006,SK031,3,4
EMP0006,SK016,4,2
EMP0006,SK046,3,5
EMP0006,SK041,4,6
EMP0006,SK032,3,9
EMP0006,SK008,2,14
EMP0006,SK055,4,0
EMP0007,SK019,2,8
EMP0007,SK017,4,6
EMP0007,SK003,2,4
EMP0007,SK061,5,13
EMP0007,SK009,2,6
EMP0007,SK044,4,14
EMP0007,SK007,2,2
EMP0007,SK021,3,4
EMP0007,SK022,2,4
EMP0007,SK034,2,3
EMP0007,SK025,3,9
EMP0007,SK028,2,14
EMP0007,SK040,2,9
EMP0007,SK037,4,1
EMP0007,SK016,2,10
EMP0007,SK046,3,0
EMP0007,SK042,3,10
EMP0007,SK056,2,2
EMP0008,SK061,2,14
EMP0008,SK009,1,5
EMP0008,SK044,2,4
EMP0008,SK037,2,0
EMP0008,SK072,3,7
EMP0008,SK046,1,7
EMP0008,SK005,3,7
EMP0008,SK027,3,3
EMP0008,SK031,4,5
EMP0008,SK011,2,14
EMP0008,SK054,2,1
EMP0008,SK070,1,6
EMP0008,SK012,3,4
EMP0008,SK039,1,12
EMP0008,SK069,4,12
EMP0008,SK073,2,1
EMP0008,SK064,4,4
EMP0008,SK010,2,9
EMP0008,SK003,3,2
EMP0008,SK062,3,11
EMP0009,SK035,3,10
EMP0009,SK019,2,0
EMP0009,SK060,3,7
EMP0009,SK055,3,1
EMP0009,SK068,2,7
EMP0009,SK047,4,4
EMP0009,SK057,2,9
EMP0009,SK003,1,3
EMP0009,SK016,2,3
EMP0009,SK067,1,13
EMP0009,SK031,4,10
EMP0009,SK015,2,9
EMP0009,SK033,2,8
EMP0009,SK073,1,0
EMP0009,SK071,2,12
EMP0009,SK001,3,9
EMP0009,SK020,2,2
EMP0009,SK027,3,4
EMP0010,SK043,3,7
EMP0010,SK013,3,12
EMP0010,SK004,3,12
EMP0010,SK048,3,12
EMP0010,SK063,3,13
EMP0010,SK027,2,2
EMP0010,SK005,4,13
EMP0010,SK028,1,12
EMP0010,SK054,3,2
EMP0010,SK035,1,13
EMP0010,SK030,2,13
EMP0010,SK001,1,13
EMP0010,SK034,2,8
EMP0010,SK038,3,11
EMP0010,SK011,5,9
EMP0010,SK002,1,14
EMP0010,SK003,2,4
EMP0010,SK069,3,0
EMP0010,SK020,2,13
EMP0010,SK045,2,1
EMP0010,SK060,2,13
EMP0010,SK050,3,0
EMP0010,SK056,4,14
EMP0010,SK009,2,0
EMP0010,SK029,2,3
EMP0010,SK039,2,9
EMP0011,SK001,2,4
EMP0011,SK069,1,1
EMP0011,SK030,1,11
EMP0011,SK028,2,11
EMP0011,SK055,1,0
EMP0011,SK073,1,12
EMP0011,SK016,2,12
EMP0011,SK022,4,2
EMP0011,SK038,2,1
EMP0011,SK058,3,12
EMP0011,SK027,2,5
EMP0011,SK050,3,7
EMP0011,SK012,2,10
EMP0011,SK021,4,8
EMP0011,SK037,2,12
EMP0011,SK036,3,9
EMP0011,SK019,2,10
EMP0011,SK031,3,6
EMP0011,SK047,4,12
EMP0012,SK009,2,1
EMP0012,SK016,5,0
EMP0012,SK005,2,8
EMP0012,SK056,2,6
EMP0012,SK008,3,10
EMP0012,SK072,2,1
EMP0012,SK045,3,3
EMP0012,SK043,3,10
EMP0012,SK021,4,13
EMP0012,SK048,2,11
EMP0012,SK071,3,14
EMP0012,SK003,2,10
EMP0012,SK011,4,2
EMP0012,SK052,2,2
EMP0012,SK025,2,9
EMP0012,SK054,4,14
EMP0012,SK044,3,2
EMP0012,SK061,1,8
EMP0012,SK037,3,1
EMP0012,SK063,4,10
EMP0012,SK001,4,13
EMP0012,SK057,2,12
EMP0012,SK026,3,14
EMP0012,SK038,2,1
EMP0013,SK026,3,9
EMP0013,SK066,2,0
EMP0013,SK037,4,12
EMP0013,SK005,3,5
EMP0013,SK040,3,8
EMP0013,SK073,1,8
EMP0013,SK039,3,7
EMP0013,SK059,4,11
EMP0013,SK006,3,13
EMP0013,SK041,3,14
EMP0013,SK004,1,3
EMP0013,SK029,3,5
EMP0013,SK028,3,9
EMP0013,SK023,2,14
EMP0013,SK027,3,9
EMP0013,SK050,2,1
EMP0013,SK043,1,6
EMP0013,SK034,3,8
EMP0014,SK065,4,14
EMP0014,SK016,3,6
EMP0014,SK011,2,1
EMP0014,SK017,1,0
EMP0014,SK009,2,8
EMP0014,SK050,2,2
EMP0014,SK014,3,14
EMP0014,SK005,3,11
EMP0014,SK023,2,12
EMP0014,SK043,2,14
EMP0014,SK040,2,2
EMP0014,SK038,2,9
EMP0014,SK071,2,11
EMP0014,SK025,3,0
EMP0014,SK027,2,7
EMP0014,SK036,3,0
EMP0014,SK001,2,5
EMP0014,SK052,2,8
EMP0014,SK070,3,14
EMP0014,SK062,3,4
EMP0014,SK013,3,7
EMP0014,SK068,3,11
EMP0014,SK046,4,5
EMP0014,SK060,2,12
EMP0014,SK026,1,13
EMP0014,SK061,1,14
EMP0014,SK069,2,9
EMP0015,SK030,3,4
EMP0015,SK019,3,8
EMP0015,SK041,2,1
EMP0015,SK064,2,13
EMP0015,SK007,4,2
EMP0015,SK054,3,1
EMP0015,SK006,4,6
EMP0015,SK048,2,10
EMP0015,SK002,2,13
EMP0015,SK028,3,8
EMP0015,SK009,2,0
EMP0015,SK013,2,6
EMP0015,SK036,3,2
EMP0015,SK003,2,8
EMP0015,SK049,3,0
EMP0015,SK068,2,5
EMP0015,SK004,1,2
EMP0015,SK014,2,13
EMP0015,SK072,3,13
EMP0015,SK066,3,4
EMP0015,SK058,4,1
EMP0015,SK062,2,4
EMP0015,SK015,3,8
EMP0015,SK055,2,1
EMP0015,SK017,3,14
EMP0015,SK027,3,14
EMP0015,SK018,2,6
EMP0016,SK072,2,8
EMP0016,SK009,3,7
EMP0016,SK003,3,0
EMP0016,SK045,2,4
EMP0016,SK040,2,7
EMP0016,SK041,3,11
EMP0016,SK062,3,8
EMP0016,SK057,1,3
EMP0016,SK005,2,6
EMP0016,SK064,3,14
EMP0016,SK006,2,11
EMP0016,SK059,4,6
EMP0016,SK058,3,5
EMP0016,SK070,1,14
EMP0016,SK055,2,6
EMP0016,SK054,3,9
EMP0016,SK032,2,12
EMP0016,SK001,3,13
EMP0016,SK065,2,2
EMP0016,SK060,3,1
EMP0017,SK026,3,7
EMP0017,SK011,3,8
EMP0017,SK063,3,3
EMP0017,SK029,3,1
EMP0017,SK067,3,0
EMP0017,SK025,3,11
EMP0017,SK030,3,1
EMP0017,SK028,1,3
EMP0017,SK066,2,1
EMP0017,SK070,2,8
EMP0017,SK001,1,10
EMP0017,SK007,2,0
EMP0017,SK055,2,3
EMP0017,SK018,2,9
EMP0017,SK014,3,6
EMP0017,SK010,2,5
EMP0017,SK016,2,5
EMP0018,SK019,1,7
EMP0018,SK024,2,6
EMP0018,SK059,2,2
EMP0018,SK047,1,11
EMP0018,SK029,2,2
EMP0018,SK039,2,11
EMP0018,SK066,3,3
EMP0018,SK026,5,0
EMP0018,SK017,2,11
EMP0018,SK005,2,3
EMP0018,SK070,3,5
EMP0018,SK037,2,14
EMP0018,SK062,3,14
EMP0018,SK022,2,12
EMP0018,SK028,2,10
EMP0018,SK072,2,13
EMP0018,SK011,2,12
EMP0018,SK071,3,13
EMP0018,SK048,2,13
EMP0018,SK040,2,5
EMP0018,SK023,3,4
EMP0018,SK073,3,9
EMP0018,SK043,2,4
EMP0018,SK054,2,4
EMP0018,SK058,3,12
EMP0018,SK034,5,1
EMP0019,SK065,2,10
EMP0019,SK006,5,2
EMP0019,SK056,3,11
EMP0019,SK014,2,9
EMP0019,SK061,1,13
EMP0019,SK068,3,7
EMP0019,SK071,2,5
EMP0019,SK037,1,11
EMP0019,SK072,4,7
EMP0019,SK016,3,8
EMP0019,SK003,5,14
EMP0019,SK020,2,0
EMP0019,SK070,2,3
EMP0019,SK007,3,8
EMP0019,SK043,4,6
EMP0019,SK057,1,1
EMP0019,SK025,2,3
EMP0019,SK030,2,7
EMP0019,SK031,2,12
EMP0020,SK062,2,7
EMP0020,SK024,2,7
EMP0020,SK034,2,4
EMP0020,SK019,4,3
EMP0020,SK004,1,9
EMP0020,SK058,3,8
EMP0020,SK048,3,13
EMP0020,SK068,3,10
EMP0020,SK072,3,12
EMP0020,SK003,3,3
EMP0020,SK036,1,9
EMP0020,SK001,3,11
EMP0020,SK066,3,13
EMP0020,SK005,3,4
EMP0020,SK029,2,10
EMP0020,SK006,3,14
EMP0020,SK026,2,7
EMP0020,SK042,3,9
EMP0020,SK027,2,12
EMP0021,SK023,3,13
EMP0021,SK008,3,12
EMP0021,SK053,3,10
EMP0021,SK068,2,4
EMP0021,SK002,1,2
EMP0021,SK072,2,2
EMP0021,SK035,2,4
EMP0021,SK039,2,4
EMP0021,SK005,2,4
EMP0021,SK009,3,9
EMP0021,SK062,1,6
EMP0021,SK032,4,2
EMP0021,SK066,2,8
EMP0021,SK047,1,8
EMP0021,SK067,2,11
EMP0021,SK025,2,8
EMP0021,SK070,3,7
EMP0021,SK050,2,4
EMP0022,SK029,3,5
EMP0022,SK028,2,1
EMP0022,SK061,2,4
EMP0022,SK070,2,5
EMP0022,SK063,3,1
EMP0022,SK064,1,2
EMP0022,SK066,3,5
EMP0022,SK048,2,14
EMP0022,SK002,3,11
EMP0022,SK008,2,2
EMP0022,SK022,1,14
EMP0022,SK041,2,6
EMP0022,SK039,4,9
EMP0022,SK046,2,13
EMP0022,SK038,3,14
EMP0022,SK072,2,4
EMP0022,SK067,3,3
EMP0022,SK050,4,10
EMP0022,SK049,4,7
EMP0022,SK001,5,9
EMP0022,SK058,3,1
EMP0022,SK012,1,13
EMP0022,SK034,2,11
EMP0022,SK062,3,3
EMP0022,SK019,3,6
EMP0022,SK017,3,8
EMP0022,SK040,2,10
EMP0022,SK052,3,2
EMP0023,SK068,4,11
EMP0023,SK035,2,4
EMP0023,SK017,2,5
EMP0023,SK049,3,11
EMP0023,SK063,3,4
EMP0023,SK026,2,9
EMP0023,SK059,2,4
EMP0023,SK031,2,1
EMP0023,SK065,2,14
EMP0023,SK061,2,10
EMP0023,SK069,3,5
EMP0023,SK010,3,11
EMP0023,SK022,2,14
EMP0023,SK029,2,0
EMP0023,SK034,2,1
EMP0023,SK071,2,7
EMP0023,SK052,1,14
EMP0023,SK051,2,8
EMP0023,SK005,3,0
EMP0023,SK064,3,6
EMP0023,SK039,1,2
EMP0023,SK056,3,8
EMP0023,SK050,2,14
EMP0023,SK025,2,2
EMP0023,SK021,3,4
EMP0024,SK012,3,4
EMP0024,SK010,1,3
EMP0024,SK034,2,11
EMP0024,SK005,2,12
EMP0024,SK033,3,8
EMP0024,SK063,3,0
EMP0024,SK015,1,0
EMP0024,SK050,1,6
EMP0024,SK031,2,11
EMP0024,SK071,4,13
EMP0024,SK018,3,8
EMP0024,SK016,2,3
EMP0024,SK069,2,7
EMP0024,SK047,4,5
EMP0024,SK013,3,12
EMP0024,SK041,3,6
EMP0024,SK002,3,11
EMP0024,SK061,2,11
EMP0024,SK029,2,5
EMP0024,SK004,2,7
EMP0024,SK048,3,6
EMP0024,SK027,5,7
EMP0024,SK032,3,5
EMP0024,SK045,4,1
EMP0024,SK021,2,11
EMP0024,SK011,3,10
EMP0024,SK060,2,11
EMP0024,SK054,2,8
EMP0025,SK054,3,0
EMP0025,SK006,1,9
EMP0025,SK059,2,8
EMP0025,SK003,4,14
EMP0025,SK028,3,9
EMP0025,SK036,2,10
EMP0025,SK010,3,13
EMP0025,SK025,3,5
EMP0025,SK045,2,6
EMP0025,SK058,4,3
EMP0025,SK057,3,4
EMP0025,SK018,4,5
EMP0025,SK002,3,13
EMP0025,SK004,2,0
EMP0025,SK044,3,11
EMP0025,SK022,2,0
EMP0025,SK015,1,14
EMP0025,SK023,1,4
EMP0025,SK072,3,14
EMP0025,SK030,2,6
EMP0025,SK005,3,5
EMP0025,SK007,3,5
EMP0025,SK027,4,3
EMP0025,SK034,3,6
EMP0025,SK016,3,5
EMP0025,SK032,3,11
EMP0025,SK071,2,2
EMP0026,SK009,1,10
EMP0026,SK070,4,3
EMP0026,SK036,1,5
EMP0026,SK002,3,4
EMP0026,SK025,2,12
EMP0026,SK052,3,5
EMP0026,SK058,2,6
EMP0026,SK053,2,9
EMP0026,SK069,3,12
EMP0026,SK061,2,0
EMP0026,SK026,3,14
EMP0026,SK017,2,11
EMP0026,SK016,3,3
EMP0026,SK021,2,11
EMP0026,SK067,3,12
EMP0026,SK065,2,14
EMP0026,SK015,3,3
EMP0027,SK002,5,12
EMP0027,SK057,4,1
EMP0027,SK040,2,12
EMP0027,SK049,1,2
EMP0027,SK060,3,9
EMP0027,SK051,3,4
EMP0027,SK016,2,1
EMP0027,SK035,2,2
EMP0027,SK010,2,8
EMP0027,SK031,3,2
EMP0027,SK001,5,7
EMP0027,SK022,5,7
EMP0027,SK069,2,6
EMP0027,SK009,1,3
EMP0027,SK056,3,0
EMP0027,SK003,1,12
EMP0027,SK013,3,4
EMP0028,SK037,3,3
EMP0028,SK020,2,6
EMP0028,SK033,3,11
EMP0028,SK028,2,13
EMP0028,SK005,4,7
EMP0028,SK061,3,10
EMP0028,SK048,2,0
EMP0028,SK058,2,14
EMP0028,SK041,2,12
EMP0028,SK044,1,5
EMP0028,SK012,3,6
EMP0028,SK015,3,7
EMP0028,SK006,1,4
EMP0028,SK051,4,12
EMP0028,SK062,4,8
EMP0028,SK018,2,2
EMP0028,SK010,3,1
EMP0028,SK029,2,3
EMP0028,SK071,4,2
EMP0028,SK069,2,0
EMP0028,SK043,2,7
EMP0028,SK072,4,4
EMP0028,SK025,2,6
EMP0028,SK021,2,0
EMP0028,SK007,4,8
EMP0028,SK022,3,9
EMP0029,SK015,3,0
EMP0029,SK055,2,9
EMP0029,SK046,3,14
EMP0029,SK010,3,13
EMP0029,SK029,2,5
EMP0029,SK070,2,5
EMP0029,SK065,3,13
EMP0029,SK059,2,8
EMP0029,SK062,3,5
EMP0029,SK052,3,5
EMP0029,SK005,2,12
EMP0029,SK064,2,3
EMP0029,SK058,1,9
EMP0029,SK003,3,3
EMP0029,SK061,2,14
EMP0029,SK027,2,11
EMP0029,SK056,5,10
EMP0029,SK008,3,9
EMP0029,SK045,3,13
EMP0029,SK034,2,4
EMP0029,SK026,2,4
EMP0029,SK073,2,6
EMP0029,SK038,3,3
EMP0029,SK004,3,11
EMP0029,SK001,1,10
EMP0029,SK051,3,12
EMP0029,SK069,5,14
EMP0029,SK022,3,10
EMP0029,SK068,3,6
EMP0030,SK073,1,5
EMP0030,SK023,4,13
EMP0030,SK061,2,9
EMP0030,SK012,2,14
EMP0030,SK039,1,13
EMP0030,SK021,4,7
EMP0030,SK003,2,10
EMP0030,SK037,3,0
EMP0030,SK002,5,12
EMP0030,SK030,3,14
EMP0030,SK043,2,5
EMP0030,SK036,2,3
EMP0030,SK034,4,7
EMP0030,SK048,3,9
EMP0030,SK016,3,11
EMP0030,SK035,2,8
EMP0030,SK058,4,6
EMP0030,SK027,1,5
EMP0030,SK069,1,5
EMP0030,SK018,2,2
EMP0030,SK014,3,12
EMP0030,SK060,4,10
EMP0030,SK033,2,1
EMP0031,SK011,3,8
EMP0031,SK026,4,4
EMP0031,SK006,3,7
EMP0031,SK038,3,2
EMP0031,SK051,2,2
EMP0031,SK016,2,11
EMP0031,SK005,2,6
EMP0031,SK015,4,7
EMP0031,SK053,2,13
EMP0031,SK055,3,9
EMP0031,SK012,4,1
EMP0031,SK019,2,12
EMP0031,SK023,2,2
EMP0031,SK054,3,13
EMP0031,SK050,2,8
EMP0031,SK052,2,9
EMP0032,SK047,2,4
EMP0032,SK044,2,0
EMP0032,SK066,3,2
EMP0032,SK035,2,8
EMP0032,SK071,2,1
EMP0032,SK057,3,6
EMP0032,SK048,2,0
EMP0032,SK072,2,9
EMP0032,SK009,3,13
EMP0032,SK002,2,1
EMP0032,SK046,3,12
EMP0032,SK032,2,5
EMP0032,SK051,2,3
EMP0032,SK060,2,0
EMP0032,SK011,3,11
EMP0032,SK069,3,12
EMP0032,SK017,4,0
EMP0032,SK008,2,9
EMP0032,SK056,2,3
EMP0032,SK043,2,2
EMP0032,SK065,3,2
EMP0032,SK015,1,9
EMP0032,SK030,3,1
EMP0032,SK014,2,3
EMP0032,SK019,3,12
EMP0032,SK016,3,8
EMP0032,SK025,3,7
EMP0032,SK033,1,0
EMP0032,SK018,2,5
EMP0033,SK066,3,0
EMP0033,SK054,2,11
EMP0033,SK034,1,2
EMP0033,SK021,2,8
EMP0033,SK045,3,1
EMP0033,SK026,2,9
EMP0033,SK031,3,9
EMP0033,SK042,3,6
EMP0033,SK040,2,14
EMP0033,SK029,4,10
EMP0033,SK025,2,3
EMP0033,SK024,3,3
EMP0033,SK041,1,1
EMP0033,SK048,2,1
EMP0033,SK049,3,5
EMP0033,SK009,2,9
EMP0033,SK010,2,5
EMP0033,SK053,2,3
EMP0033,SK036,2,1
EMP0033,SK060,4,0
EMP0033,SK030,2,8
EMP0033,SK032,2,14
EMP0034,SK023,3,1
EMP0034,SK014,2,6
EMP0034,SK037,3,5
EMP0034,SK047,2,3
EMP0034,SK069,4,12
EMP0034,SK034,3,2
EMP0034,SK012,3,0
EMP0034,SK003,2,10
EMP0034,SK041,3,2
EMP0034,SK002,3,0
EMP0034,SK068,4,5
EMP0034,SK005,3,6
EMP0034,SK033,2,11
EMP0034,SK056,4,4
EMP0034,SK071,3,7
EMP0034,SK016,3,1
EMP0034,SK031,3,10
EMP0034,SK072,3,5
EMP0034,SK054,2,3
EMP0034,SK061,3,10
EMP0034,SK008,4,11
EMP0034,SK013,2,14
EMP0034,SK020,2,10
EMP0034,SK018,3,12
EMP0034,SK044,2,6
EMP0035,SK034,3,5
EMP0035,SK073,3,13
EMP0035,SK018,1,10
EMP0035,SK061,3,2
EMP0035,SK002,2,9
EMP0035,SK008,3,2
EMP0035,SK063,2,8
EMP0035,SK066,2,10
EMP0035,SK011,2,6
EMP0035,SK048,2,14
EMP0035,SK026,2,14
EMP0035,SK044,3,7
EMP0035,SK015,3,12
EMP0035,SK030,2,0
EMP0035,SK041,2,2
EMP0035,SK014,3,7
EMP0035,SK046,3,0
EMP0035,SK052,2,1
EMP0035,SK070,2,5
EMP0035,SK017,3,12
EMP0035,SK062,3,12
EMP0035,SK037,3,4
EMP0035,SK040,2,12
EMP0035,SK031,2,7
EMP0035,SK022,3,6
EMP0035,SK058,2,9
EMP0035,SK057,4,6
EMP0036,SK057,2,10
EMP0036,SK024,2,1
EMP0036,SK005,3,0
EMP0036,SK047,2,14
EMP0036,SK051,3,12
EMP0036,SK027,2,8
EMP0036,SK023,3,8
EMP0036,SK055,3,4
EMP0036,SK031,3,13
EMP0036,SK046,3,9
EMP0036,SK037,3,2
EMP0036,SK039,3,11
EMP0036,SK010,3,6
EMP0036,SK038,3,14
EMP0036,SK021,4,12
EMP0036,SK061,2,6
EMP0036,SK056,3,4
EMP0036,SK063,3,3
EMP0036,SK034,4,4
EMP0036,SK035,3,9
EMP0036,SK036,2,12
EMP0036,SK013,3,5
EMP0036,SK069,2,7
EMP0036,SK020,2,7
EMP0037,SK037,3,5
EMP0037,SK025,1,3
EMP0037,SK029,4,12
EMP0037,SK017,3,12
EMP0037,SK016,4,12
EMP0037,SK019,2,14
EMP0037,SK064,1,12
EMP0037,SK041,2,2
EMP0037,SK043,1,10
EMP0037,SK061,3,5
EMP0037,SK058,3,14
EMP0037,SK069,1,4
EMP0037,SK031,2,5
EMP0037,SK009,1,7
EMP0037,SK035,3,3
EMP0037,SK068,1,14
EMP0037,SK014,3,9
EMP0037,SK033,3,4
EMP0037,SK056,4,9
EMP0037,SK055,2,3
EMP0037,SK048,5,14
EMP0037,SK034,3,1
EMP0037,SK042,3,10
EMP0037,SK052,3,2
EMP0037,SK051,4,10
EMP0037,SK008,4,6
EMP0037,SK053,3,14
EMP0038,SK067,2,0
EMP0038,SK024,3,3
EMP0038,SK033,2,13
EMP0038,SK048,3,6
EMP0038,SK009,3,10
EMP0038,SK046,4,10
EMP0038,SK052,3,7
EMP0038,SK026,4,8
EMP0038,SK059,5,3
EMP0038,SK035,2,0
EMP0038,SK047,3,6
EMP0038,SK034,3,14
EMP0038,SK053,3,13
EMP0038,SK028,2,11
EMP0038,SK072,1,6
EMP0038,SK002,2,0
EMP0038,SK030,4,13
EMP0038,SK013,2,13
EMP0038,SK003,2,1
EMP0038,SK006,2,9
EMP0038,SK031,2,3
EMP0038,SK036,1,7
EMP0038,SK008,2,3
EMP0038,SK066,2,3
EMP0038,SK039,5,13
EMP0039,SK006,3,11
EMP0039,SK014,2,2
EMP0039,SK043,3,8
EMP0039,SK019,4,1
EMP0039,SK071,2,6
EMP0039,SK003,2,8
EMP0039,SK029,3,7
EMP0039,SK052,2,0
EMP0039,SK034,3,5
EMP0039,SK042,3,8
EMP0039,SK020,3,13
EMP0039,SK054,3,3
EMP0039,SK007,5,7
EMP0039,SK027,2,10
EMP0039,SK015,2,5
EMP0039,SK033,4,4
EMP0039,SK066,2,11
EMP0039,SK012,2,5
EMP0039,SK050,3,5
EMP0039,SK016,3,5
EMP0039,SK058,4,7
EMP0039,SK046,2,5
EMP0039,SK009,2,2
EMP0040,SK065,2,8
EMP0040,SK030,2,11
EMP0040,SK073,3,13
EMP0040,SK063,4,7
EMP0040,SK006,2,13
EMP0040,SK032,3,10
EMP0040,SK043,3,13
EMP0040,SK067,1,6
EMP0040,SK047,2,0
EMP0040,SK019,2,9
EMP0040,SK066,3,4
EMP0040,SK005,3,7
EMP0040,SK012,2,1
EMP0040,SK010,2,12
EMP0040,SK064,3,5
EMP0040,SK009,1,0
EMP0040,SK046,2,10
EMP0040,SK038,2,4
EMP0040,SK035,4,14
EMP0040,SK048,1,6
EMP0040,SK011,2,0
EMP0040,SK037,3,7
EMP0040,SK034,2,1
EMP0040,SK014,3,4
EMP0041,SK053,3,0
EMP0041,SK037,2,1
EMP0041,SK057,2,9
EMP0041,SK051,3,3
EMP0041,SK006,3,5
EMP0041,SK071,2,12
EMP0041,SK011,3,5
EMP0041,SK073,3,9
EMP0041,SK007,2,3
EMP0041,SK002,3,8
EMP0041,SK023,2,8
EMP0041,SK034,2,5
EMP0041,SK063,4,11
EMP0041,SK067,3,3
EMP0041,SK029,3,4
EMP0041,SK015,3,5
EMP0041,SK064,3,2
EMP0042,SK007,2,14
EMP0042,SK023,3,10
EMP0042,SK004,3,14
EMP0042,SK057,2,2
EMP0042,SK019,1,4
EMP0042,SK066,4,0
EMP0042,SK042,2,1
EMP0042,SK072,1,4
EMP0042,SK035,2,5
EMP0042,SK018,2,1
EMP0042,SK024,5,0
EMP0042,SK020,4,13
EMP0042,SK027,1,11
EMP0042,SK050,2,2
EMP0042,SK014,3,14
EMP0042,SK032,3,0
EMP0042,SK016,3,3
EMP0042,SK046,3,9
EMP0042,SK003,3,7
EMP0042,SK006,2,12
EMP0042,SK017,2,10
EMP0042,SK043,4,2
EMP0043,SK046,4,7
EMP0043,SK027,3,5
EMP0043,SK060,2,5
EMP0043,SK017,3,10
EMP0043,SK021,2,9
EMP0043,SK050,1,11
EMP0043,SK020,2,13
EMP0043,SK072,3,0
EMP0043,SK001,2,8
EMP0043,SK041,2,2
EMP0043,SK055,4,4
EMP0043,SK011,2,6
EMP0043,SK019,2,11
EMP0043,SK067,2,7
EMP0043,SK025,2,8
EMP0043,SK022,3,9
EMP0043,SK066,1,9
EMP0043,SK048,2,14
EMP0043,SK044,1,13
EMP0043,SK051,2,1
EMP0043,SK068,1,10
EMP0043,SK038,1,4
EMP0043,SK049,4,6
EMP0043,SK033,2,13
EMP0043,SK063,4,11
EMP0043,SK012,1,1
EMP0043,SK069,1,10
EMP0043,SK061,2,2
EMP0043,SK052,2,4
EMP0043,SK006,3,5
EMP0044,SK001,2,2
EMP0044,SK025,2,5
EMP0044,SK071,4,14
EMP0044,SK049,3,8
EMP0044,SK011,3,1
EMP0044,SK009,2,3
EMP0044,SK070,3,10
EMP0044,SK057,2,9
EMP0044,SK034,1,11
EMP0044,SK052,1,9
EMP0044,SK035,2,14
EMP0044,SK033,5,2
EMP0044,SK065,2,14
EMP0044,SK024,3,8
EMP0044,SK039,3,14
EMP0044,SK018,2,4
EMP0044,SK038,3,10
EMP0044,SK068,2,1
EMP0044,SK031,3,7
EMP0044,SK006,3,13
EMP0044,SK022,1,14
EMP0044,SK044,3,0
EMP0044,SK072,2,4
EMP0045,SK018,3,9
EMP0045,SK015,3,4
EMP0045,SK014,3,13
EMP0045,SK062,3,9
EMP0045,SK037,2,7
EMP0045,SK005,4,12
EMP0045,SK021,2,13
EMP0045,SK056,3,12
EMP0045,SK035,4,8
EMP0045,SK017,2,12
EMP0045,SK006,3,1
EMP0045,SK051,3,6
EMP0045,SK064,1,10
EMP0045,SK023,1,4
EMP0045,SK052,3,7
EMP0045,SK001,2,6
EMP0045,SK034,1,5
EMP0045,SK007,3,0
EMP0046,SK072,2,2
EMP0046,SK036,3,4
EMP0046,SK026,3,11
EMP0046,SK037,3,3
EMP0046,SK070,3,3
EMP0046,SK018,2,2
EMP0046,SK062,3,12
EMP0046,SK038,3,12
EMP0046,SK051,1,5
EMP0046,SK030,2,14
EMP0046,SK010,3,5
EMP0046,SK024,2,7
EMP0046,SK048,2,9
EMP0046,SK064,3,2
EMP0046,SK004,2,10
EMP0046,SK003,2,8
EMP0046,SK016,1,2
EMP0046,SK021,3,2
EMP0046,SK053,3,14
EMP0046,SK007,1,10
EMP0046,SK011,3,10
EMP0046,SK012,4,1
EMP0046,SK065,2,5
EMP0046,SK001,2,5
EMP0046,SK059,3,11
EMP0046,SK008,4,7
EMP0046,SK057,3,3
EMP0047,SK038,2,11
EMP0047,SK008,2,0
EMP0047,SK040,3,5
EMP0047,SK059,1,0
EMP0047,SK036,1,1
EMP0047,SK058,4,2
EMP0047,SK005,2,7
EMP0047,SK031,3,1
EMP0047,SK065,3,10
EMP0047,SK073,3,13
EMP0047,SK018,2,11
EMP0047,SK009,2,2
EMP0047,SK027,2,10
EMP0047,SK002,2,4
EMP0047,SK001,1,13
EMP0047,SK042,3,6
EMP0047,SK048,3,13
EMP0047,SK021,1,10
EMP0047,SK022,3,11
EMP0047,SK039,3,1
EMP0048,SK073,3,10
EMP0048,SK072,2,2
EMP0048,SK066,3,12
EMP0048,SK020,2,5
EMP0048,SK034,2,5
EMP0048,SK025,3,2
EMP0048,SK040,4,7
EMP0048,SK008,3,3
EMP0048,SK068,2,2
EMP0048,SK032,1,12
EMP0048,SK035,3,12
EMP0048,SK005,5,8
EMP0048,SK023,3,12
EMP0048,SK013,2,6
EMP0048,SK026,1,5
EMP0048,SK050,3,5
EMP0048,SK047,3,4
EMP0048,SK059,2,9
EMP0048,SK014,4,13
EMP0048,SK016,2,0
EMP0048,SK049,1,11
EMP0048,SK060,5,11
EMP0048,SK069,2,13
EMP0048,SK048,2,8
EMP0049,SK045,2,10
EMP0049,SK046,2,11
EMP0049,SK061,3,12
EMP0049,SK038,2,4
EMP0049,SK017,3,1
EMP0049,SK022,3,7
EMP0049,SK019,3,12
EMP0049,SK021,3,11
EMP0049,SK001,5,11
EMP0049,SK052,3,11
EMP0049,SK042,5,7
EMP0049,SK039,2,6
EMP0049,SK041,3,9
EMP0049,SK064,4,8
EMP0049,SK029,2,5
EMP0049,SK036,2,6
EMP0049,SK007,2,6
EMP0049,SK044,3,12
EMP0049,SK011,3,6
EMP0049,SK048,2,4
EMP0049,SK065,2,6
EMP0050,SK054,2,11
EMP0050,SK043,3,1
EMP0050,SK035,2,12
EMP0050,SK005,3,4
EMP0050,SK056,2,8
EMP0050,SK010,1,6
EMP0050,SK046,3,9
EMP0050,SK008,3,3
EMP0050,SK015,3,7
EMP0050,SK012,2,8
EMP0050,SK067,3,3
EMP0050,SK022,3,8
EMP0050,SK061,2,9
EMP0050,SK016,4,14
EMP0050,SK060,2,3
EMP0050,SK034,3,4
EMP0050,SK036,3,1
EMP0050,SK059,4,12
EMP0050,SK032,4,9
EMP0050,SK004,3,12
EMP0050,SK029,2,7
EMP0050,SK030,3,14
EMP0050,SK066,2,8
EMP0050,SK071,2,10
EMP0050,SK072,2,12
EMP0051,SK034,2,12
EMP0051,SK043,4,9
EMP0051,SK055,3,8
EMP0051,SK032,4,1
EMP0051,SK072,4,12
EMP0051,SK058,2,6
EMP0051,SK046,3,7
EMP0051,SK010,2,14
EMP0051,SK059,2,1
EMP0051,SK008,1,10
EMP0051,SK069,4,13
EMP0051,SK048,2,4
EMP0051,SK001,3,6
EMP0051,SK065,3,7
EMP0051,SK038,4,5
EMP0051,SK007,4,8
EMP0051,SK066,5,12
EMP0051,SK062,3,7
EMP0051,SK047,3,2
EMP0051,SK057,4,5
EMP0051,SK042,2,6
EMP0051,SK070,3,10
EMP0051,SK030,2,6
EMP0051,SK004,2,8
EMP0052,SK051,2,9
EMP0052,SK072,1,3
EMP0052,SK060,3,1
EMP0052,SK028,3,0
EMP0052,SK029,5,4
EMP0052,SK069,2,2
EMP0052,SK010,1,7
EMP0052,SK040,2,9
EMP0052,SK021,2,8
EMP0052,SK011,3,5
EMP0052,SK016,3,5
EMP0052,SK004,3,12
EMP0052,SK019,2,13
EMP0052,SK009,4,6
EMP0052,SK020,4,0
EMP0052,SK066,3,3
EMP0052,SK054,3,1
EMP0052,SK026,1,10
EMP0052,SK073,3,11
EMP0052,SK045,2,6
EMP0052,SK046,1,5
EMP0052,SK007,2,1
EMP0052,SK022,1,9
EMP0052,SK071,2,0
EMP0052,SK055,2,1
EMP0053,SK066,2,3
EMP0053,SK005,4,5
EMP0053,SK013,1,2
EMP0053,SK035,2,4
EMP0053,SK053,4,11
EMP0053,SK048,2,5
EMP0053,SK047,1,11
EMP0053,SK015,3,9
EMP0053,SK051,3,0
EMP0053,SK038,3,6
EMP0053,SK060,5,4
EMP0053,SK037,2,14
EMP0053,SK052,4,12
EMP0053,SK034,2,13
EMP0053,SK045,2,2
EMP0053,SK041,3,1
EMP0053,SK017,2,4
EMP0053,SK016,3,5
EMP0053,SK036,3,3
EMP0053,SK002,3,14
EMP0054,SK022,2,6
EMP0054,SK056,2,8
EMP0054,SK057,3,5
EMP0054,SK054,1,9
EMP0054,SK021,2,9
EMP0054,SK013,3,10
EMP0054,SK025,1,8
EMP0054,SK049,1,7
EMP0054,SK039,2,0
EMP0054,SK040,1,4
EMP0054,SK008,3,8
EMP0054,SK012,2,7
EMP0054,SK048,2,0
EMP0054,SK019,2,1
EMP0054,SK043,4,7
EMP0054,SK063,3,4
EMP0054,SK037,3,6
EMP0054,SK028,2,9
EMP0054,SK017,3,1
EMP0055,SK067,4,13
EMP0055,SK073,3,0
EMP0055,SK039,4,11
EMP0055,SK062,3,13
EMP0055,SK061,2,1
EMP0055,SK038,3,4
EMP0055,SK068,2,3
EMP0055,SK005,1,9
EMP0055,SK048,5,14
EMP0055,SK031,2,0
EMP0055,SK070,3,11
EMP0055,SK064,3,3
EMP0055,SK059,3,2
EMP0055,SK011,2,7
EMP0055,SK071,3,3
EMP0055,SK065,2,2
EMP0055,SK021,2,12
EMP0055,SK043,3,12
EMP0055,SK023,4,5
EMP0055,SK006,2,3
EMP0055,SK034,3,13
EMP0055,SK036,2,7
EMP0055,SK066,2,2
EMP0055,SK040,2,10
EMP0056,SK016,3,7
EMP0056,SK065,3,9
EMP0056,SK072,2,13
EMP0056,SK047,4,1
EMP0056,SK056,2,4
EMP0056,SK045,2,13
EMP0056,SK073,4,7
EMP0056,SK061,2,8
EMP0056,SK027,2,5
EMP0056,SK020,3,12
EMP0056,SK062,2,11
EMP0056,SK052,4,13
EMP0056,SK063,1,0
EMP0056,SK036,3,5
EMP0056,SK050,2,9
EMP0056,SK058,3,4
EMP0056,SK028,3,4
EMP0056,SK071,2,6
EMP0056,SK049,2,10
EMP0057,SK044,4,12
EMP0057,SK014,4,11
EMP0057,SK066,1,4
EMP0057,SK046,2,9
EMP0057,SK028,3,6
EMP0057,SK054,3,11
EMP0057,SK051,3,14
EMP0057,SK055,4,4
EMP0057,SK017,2,3
EMP0057,SK036,3,4
EMP0057,SK003,2,14
EMP0057,SK006,2,14
EMP0057,SK069,3,11
EMP0057,SK041,3,14
EMP0057,SK009,3,3
EMP0057,SK073,3,0
EMP0058,SK062,3,1
EMP0058,SK001,3,3
EMP0058,SK029,2,14
EMP0058,SK046,2,14
EMP0058,SK067,2,11
EMP0058,SK041,2,1
EMP0058,SK020,2,6
EMP0058,SK032,3,0
EMP0058,SK024,2,10
EMP0058,SK003,4,13
EMP0058,SK027,4,6
EMP0058,SK017,1,13
EMP0058,SK002,3,5
EMP0058,SK060,1,10
EMP0058,SK045,2,6
EMP0058,SK049,2,0
EMP0058,SK021,3,6
EMP0058,SK058,3,14
EMP0059,SK024,4,13
EMP0059,SK046,2,4
EMP0059,SK001,1,0
EMP0059,SK038,3,8
EMP0059,SK011,2,3
EMP0059,SK008,3,5
EMP0059,SK026,2,2
EMP0059,SK058,3,0
EMP0059,SK006,2,7
EMP0059,SK033,4,12
EMP0059,SK059,3,3
EMP0059,SK073,2,9
EMP0059,SK009,3,8
EMP0059,SK039,4,9
EMP0059,SK010,2,11
EMP0059,SK069,4,7
EMP0059,SK005,4,3
EMP0059,SK025,2,5
EMP0059,SK002,4,4
EMP0059,SK041,2,1
EMP0059,SK042,2,8
EMP0059,SK007,2,0
EMP0059,SK071,5,2
EMP0059,SK032,3,2
EMP0059,SK034,1,2
EMP0059,SK065,3,12
EMP0059,SK047,3,6
EMP0059,SK029,1,11
EMP0059,SK052,1,4
EMP0060,SK052,2,6
EMP0060,SK016,3,1
EMP0060,SK061,3,10
EMP0060,SK034,3,10
EMP0060,SK065,2,12
EMP0060,SK008,2,7
EMP0060,SK060,3,13
EMP0060,SK031,3,3
EMP0060,SK033,1,5
EMP0060,SK021,2,8
EMP0060,SK049,4,13
EMP0060,SK028,2,2
EMP0060,SK013,4,4
EMP0060,SK022,3,13
EMP0060,SK071,4,3
EMP0060,SK006,2,11
EMP0060,SK023,2,10
EMP0060,SK064,2,14
EMP0060,SK037,2,3
EMP0060,SK015,2,6
EMP0060,SK001,1,7
EMP0060,SK026,2,6
EMP0061,SK028,3,12
EMP0061,SK063,2,0
EMP0061,SK021,2,0
EMP0061,SK001,1,8
EMP0061,SK052,5,12
EMP0061,SK023,2,3
EMP0061,SK068,2,10
EMP0061,SK048,3,14
EMP0061,SK016,2,2
EMP0061,SK040,2,9
EMP0061,SK025,5,4
EMP0061,SK026,3,6
EMP0061,SK047,1,8
EMP0061,SK053,3,11
EMP0061,SK011,3,9
EMP0061,SK008,2,7
EMP0061,SK030,2,12
EMP0061,SK027,1,7
EMP0061,SK033,2,10
EMP0061,SK009,3,4
EMP0061,SK036,3,9
EMP0061,SK072,3,2
EMP0061,SK019,1,10
EMP0062,SK068,2,9
EMP0062,SK028,4,10
EMP0062,SK059,2,6
EMP0062,SK026,3,4
EMP0062,SK048,3,9
EMP0062,SK035,3,2
EMP0062,SK024,3,12
EMP0062,SK019,4,9
EMP0062,SK044,2,3
EMP0062,SK004,2,7
EMP0062,SK014,2,3
EMP0062,SK042,3,5
EMP0062,SK058,3,10
EMP0062,SK061,2,6
EMP0062,SK040,5,13
EMP0062,SK072,1,3
EMP0062,SK047,3,1
EMP0062,SK009,4,14
EMP0062,SK013,2,14
EMP0062,SK021,2,0
EMP0062,SK065,4,5
EMP0062,SK003,3,14
EMP0062,SK052,2,1
EMP0062,SK073,1,12
EMP0062,SK036,2,4
EMP0062,SK001,4,1
EMP0062,SK055,2,12
EMP0063,SK024,2,0
EMP0063,SK053,3,11
EMP0063,SK041,3,12
EMP0063,SK034,3,6
EMP0063,SK055,3,8
EMP0063,SK023,2,13
EMP0063,SK030,2,8
EMP0063,SK028,4,0
EMP0063,SK058,1,9
EMP0063,SK029,2,5
EMP0063,SK012,2,5
EMP0063,SK006,3,5
EMP0063,SK019,3,9
EMP0063,SK032,3,6
EMP0063,SK054,3,5
EMP0063,SK017,3,6
EMP0063,SK056,4,3
EMP0063,SK063,3,0
EMP0063,SK051,2,4
EMP0063,SK069,1,13
EMP0063,SK004,2,2
EMP0063,SK046,3,10
EMP0063,SK022,2,11
EMP0063,SK073,1,12
EMP0063,SK066,2,14
EMP0063,SK009,4,7
EMP0063,SK050,3,7
EMP0063,SK042,2,0
EMP0063,SK018,2,14
EMP0064,SK017,3,13
EMP0064,SK069,2,1
EMP0064,SK060,3,13
EMP0064,SK034,2,0
EMP0064,SK008,5,6
EMP0064,SK027,2,2
EMP0064,SK014,3,2
EMP0064,SK062,2,10
EMP0064,SK067,4,3
EMP0064,SK057,3,6
EMP0064,SK056,2,11
EMP0064,SK054,2,0
EMP0064,SK052,1,9
EMP0064,SK006,4,4
EMP0064,SK051,4,8
EMP0064,SK009,3,3
EMP0064,SK038,1,8
EMP0064,SK031,2,12
EMP0064,SK018,3,13
EMP0064,SK029,2,5
EMP0064,SK061,3,12
EMP0064,SK064,3,3
EMP0064,SK047,3,8
EMP0064,SK021,1,6
EMP0064,SK055,2,13
EMP0064,SK046,5,1
EMP0064,SK042,3,5
EMP0064,SK072,1,1
EMP0064,SK024,4,3
EMP0064,SK022,3,8
EMP0065,SK014,4,10
EMP0065,SK020,2,10
EMP0065,SK016,3,11
EMP0065,SK019,3,1
EMP0065,SK021,2,8
EMP0065,SK027,2,7
EMP0065,SK070,4,4
EMP0065,SK041,2,7
EMP0065,SK015,3,10
EMP0065,SK072,1,9
EMP0065,SK036,2,2
EMP0065,SK028,3,9
EMP0065,SK048,3,11
EMP0065,SK001,3,2
EMP0065,SK058,4,0
EMP0065,SK062,2,6
EMP0065,SK017,2,11
EMP0065,SK054,2,9
EMP0065,SK057,3,4
EMP0065,SK066,3,4
EMP0065,SK043,2,12
EMP0065,SK059,1,10
EMP0065,SK064,2,10
EMP0066,SK063,2,3
EMP0066,SK005,3,10
EMP0066,SK060,1,12
EMP0066,SK071,4,12
EMP0066,SK040,3,4
EMP0066,SK004,2,7
EMP0066,SK058,2,3
EMP0066,SK057,5,9
EMP0066,SK032,2,2
EMP0066,SK052,3,14
EMP0066,SK056,2,9
EMP0066,SK001,4,9
EMP0066,SK037,2,2
EMP0066,SK043,2,6
EMP0066,SK011,5,14
EMP0066,SK053,3,9
EMP0067,SK010,3,0
EMP0067,SK047,2,12
EMP0067,SK026,2,8
EMP0067,SK029,1,2
EMP0067,SK054,3,4
EMP0067,SK072,3,6
EMP0067,SK056,2,14
EMP0067,SK032,2,11
EMP0067,SK020,5,14
EMP0067,SK046,2,7
EMP0067,SK062,3,7
EMP0067,SK016,3,3
EMP0067,SK015,3,1
EMP0067,SK051,2,12
EMP0067,SK013,4,6
EMP0067,SK004,4,13
EMP0067,SK068,2,14
EMP0067,SK069,2,7
EMP0067,SK058,3,1
EMP0067,SK033,3,10
EMP0067,SK049,4,14
EMP0067,SK050,2,14
EMP0067,SK008,2,8
EMP0067,SK034,3,1
EMP0067,SK043,2,6
EMP0067,SK070,2,4
EMP0067,SK019,2,2
EMP0068,SK051,3,5
EMP0068,SK031,2,5
EMP0068,SK015,2,6
EMP0068,SK060,3,5
EMP0068,SK055,4,14
EMP0068,SK050,1,9
EMP0068,SK036,3,9
EMP0068,SK041,4,13
EMP0068,SK048,3,14
EMP0068,SK045,2,14
EMP0068,SK038,2,0
EMP0068,SK044,3,3
EMP0068,SK028,1,7
EMP0068,SK002,4,5
EMP0068,SK005,3,10
EMP0068,SK001,4,1
EMP0068,SK059,2,4
EMP0068,SK012,3,11
EMP0068,SK008,2,7
EMP0068,SK022,2,9
EMP0068,SK003,3,13
EMP0068,SK064,2,2
EMP0068,SK007,2,10
EMP0068,SK026,3,6
EMP0068,SK042,3,6
EMP0068,SK016,2,14
EMP0068,SK047,2,4
EMP0068,SK011,2,12
EMP0068,SK067,3,9
EMP0068,SK024,2,3
EMP0069,SK058,5,11
EMP0069,SK065,2,13
EMP0069,SK051,2,7
EMP0069,SK036,2,1
EMP0069,SK045,1,7
EMP0069,SK063,3,1
EMP0069,SK024,5,14
EMP0069,SK007,3,5
EMP0069,SK042,2,1
EMP0069,SK016,3,8
EMP0069,SK033,4,7
EMP0069,SK026,3,6
EMP0069,SK031,4,10
EMP0069,SK006,3,2
EMP0069,SK002,3,9
EMP0069,SK041,2,1
EMP0069,SK046,2,11
EMP0069,SK020,1,9
EMP0069,SK017,4,4
EMP0069,SK027,2,10
EMP0069,SK030,4,0
EMP0069,SK001,3,13
EMP0069,SK062,3,14
EMP0069,SK071,2,8
EMP0069,SK034,3,6
EMP0069,SK060,3,11
EMP0069,SK040,3,6
EMP0069,SK052,2,13
EMP0069,SK061,2,5
EMP0070,SK068,2,7
EMP0070,SK017,3,10
EMP0070,SK036,1,3
EMP0070,SK031,2,7
EMP0070,SK062,2,0
EMP0070,SK053,2,8
EMP0070,SK063,1,8
EMP0070,SK038,2,2
EMP0070,SK043,4,14
EMP0070,SK001,2,3
EMP0070,SK065,3,2
EMP0070,SK026,2,6
EMP0070,SK029,3,1
EMP0070,SK064,2,10
EMP0070,SK030,3,6
EMP0070,SK013,2,0
EMP0070,SK035,2,7
EMP0070,SK008,2,10
EMP0071,SK015,3,11
EMP0071,SK063,2,12
EMP0071,SK031,3,1
EMP0071,SK066,3,10
EMP0071,SK027,3,7
EMP0071,SK065,3,3
EMP0071,SK002,4,4
EMP0071,SK019,2,7
EMP0071,SK055,3,13
EMP0071,SK064,2,12
EMP0071,SK071,3,12
EMP0071,SK042,3,9
EMP0071,SK038,4,4
EMP0071,SK022,2,10
EMP0071,SK073,1,2
EMP0071,SK018,4,6
EMP0071,SK032,3,2
EMP0071,SK059,5,6
EMP0071,SK035,2,1
EMP0071,SK037,2,7
EMP0071,SK007,2,10
EMP0071,SK016,3,0
EMP0071,SK028,5,13
EMP0071,SK072,2,7
EMP0071,SK023,2,9
EMP0071,SK039,2,10
EMP0072,SK013,2,7
EMP0072,SK003,2,8
EMP0072,SK027,3,10
EMP0072,SK033,1,1
EMP0072,SK045,5,11
EMP0072,SK063,4,10
EMP0072,SK040,2,3
EMP0072,SK004,3,12
EMP0072,SK028,3,10
EMP0072,SK001,2,0
EMP0072,SK070,3,6
EMP0072,SK046,2,10
EMP0072,SK036,3,10
EMP0072,SK049,3,14
EMP0072,SK002,4,4
EMP0072,SK030,3,7
EMP0072,SK007,3,4
EMP0072,SK029,3,2
EMP0072,SK056,2,2
EMP0072,SK014,2,14
EMP0072,SK051,2,7
EMP0072,SK058,2,3
EMP0072,SK023,2,6
EMP0072,SK041,2,0
EMP0072,SK073,3,9
EMP0072,SK047,3,6
EMP0072,SK021,2,3
EMP0072,SK054,2,3
EMP0073,SK045,3,5
EMP0073,SK014,2,11
EMP0073,SK067,3,0
EMP0073,SK060,3,3
EMP0073,SK073,2,2
EMP0073,SK061,3,13
EMP0073,SK030,2,0
EMP0073,SK028,1,12
EMP0073,SK026,2,9
EMP0073,SK001,2,5
EMP0073,SK020,3,1
EMP0073,SK010,3,4
EMP0073,SK041,2,5
EMP0073,SK003,3,12
EMP0073,SK027,3,6
EMP0073,SK043,2,6
EMP0073,SK018,3,0
EMP0073,SK072,1,3
EMP0073,SK066,3,13
EMP0073,SK056,3,7
EMP0073,SK022,2,11
EMP0073,SK032,4,2
EMP0074,SK062,3,9
EMP0074,SK067,1,8
EMP0074,SK032,4,6
EMP0074,SK055,2,9
EMP0074,SK069,2,5
EMP0074,SK037,2,10
EMP0074,SK070,2,2
EMP0074,SK060,1,10
EMP0074,SK007,2,3
EMP0074,SK002,3,5
EMP0074,SK050,3,1
EMP0074,SK045,2,14
EMP0074,SK058,4,3
EMP0074,SK038,2,1
EMP0074,SK053,2,1
EMP0074,SK004,3,6
EMP0074,SK057,2,9
EMP0074,SK054,3,0
EMP0074,SK042,3,0
EMP0074,SK064,3,4
EMP0074,SK031,3,6
EMP0074,SK068,2,3
EMP0074,SK016,2,5
EMP0075,SK015,2,2
EMP0075,SK062,3,14
EMP0075,SK023,2,4
EMP0075,SK058,3,2
EMP0075,SK031,1,2
EMP0075,SK021,3,12
EMP0075,SK006,3,9
EMP0075,SK018,3,7
EMP0075,SK019,1,0
EMP0075,SK064,4,14
EMP0075,SK008,2,1
EMP0075,SK047,1,9
EMP0075,SK059,2,3
EMP0075,SK057,3,12
EMP0075,SK005,4,1
EMP0075,SK004,4,7
EMP0075,SK022,4,0
EMP0075,SK033,3,8
EMP0076,SK011,2,3
EMP0076,SK066,2,0
EMP0076,SK003,3,14
EMP0076,SK073,2,14
EMP0076,SK017,5,12
EMP0076,SK068,1,0
EMP0076,SK043,1,13
EMP0076,SK002,2,9
EMP0076,SK052,2,12
EMP0076,SK020,2,14
EMP0076,SK032,3,8
EMP0076,SK030,2,4
EMP0076,SK013,3,1
EMP0076,SK047,3,13
EMP0076,SK046,1,10
EMP0076,SK040,3,8
EMP0076,SK058,3,0
EMP0076,SK048,2,5
EMP0076,SK001,4,2
EMP0076,SK024,3,6
EMP0076,SK061,3,1
EMP0076,SK059,5,13
EMP0076,SK038,3,1
EMP0076,SK018,3,1
EMP0076,SK005,3,11
EMP0076,SK072,4,7
EMP0077,SK057,1,9
EMP0077,SK028,2,2
EMP0077,SK049,4,14
EMP0077,SK023,4,5
EMP0077,SK033,2,0
EMP0077,SK027,2,1
EMP0077,SK001,3,8
EMP0077,SK045,4,1
EMP0077,SK068,3,13
EMP0077,SK035,2,5
EMP0077,SK048,2,7
EMP0077,SK005,1,1
EMP0077,SK041,2,14
EMP0077,SK003,3,7
EMP0077,SK058,1,14
EMP0077,SK012,3,11
EMP0077,SK065,1,0
EMP0077,SK036,2,13
EMP0077,SK064,4,13
EMP0077,SK002,4,11
EMP0077,SK072,5,10
EMP0077,SK071,4,4
EMP0077,SK069,2,10
EMP0077,SK051,3,3
EMP0077,SK055,4,7
EMP0077,SK040,1,13
EMP0077,SK054,4,10
EMP0077,SK022,2,3
EMP0077,SK024,4,10
EMP0077,SK061,1,8
EMP0078,SK021,2,8
EMP0078,SK051,2,6
EMP0078,SK005,1,7
EMP0078,SK027,2,12
EMP0078,SK045,4,14
EMP0078,SK036,2,2
EMP0078,SK046,1,13
EMP0078,SK041,4,14
EMP0078,SK029,3,2
EMP0078,SK042,3,6
EMP0078,SK068,3,10
EMP0078,SK004,3,10
EMP0078,SK060,3,6
EMP0078,SK031,3,7
EMP0078,SK071,2,2
EMP0078,SK011,3,6
EMP0078,SK035,2,3
EMP0078,SK063,2,8
EMP0079,SK022,4,9
EMP0079,SK048,2,13
EMP0079,SK047,3,14
EMP0079,SK019,3,2
EMP0079,SK032,2,1
EMP0079,SK053,2,2
EMP0079,SK029,3,7
EMP0079,SK042,2,3
EMP0079,SK031,5,4
EMP0079,SK070,3,0
EMP0079,SK006,1,14
EMP0079,SK067,3,0
EMP0079,SK007,3,6
EMP0079,SK050,2,3
EMP0079,SK071,2,11
EMP0079,SK064,2,2
EMP0079,SK063,1,7
EMP0079,SK005,3,5
EMP0079,SK008,2,8
EMP0079,SK068,5,8
EMP0079,SK057,4,11
EMP0079,SK014,2,14
EMP0079,SK060,2,14
EMP0079,SK034,2,12
EMP0080,SK045,3,0
EMP0080,SK060,2,4
EMP0080,SK066,4,14
EMP0080,SK051,3,10
EMP0080,SK014,2,5
EMP0080,SK067,2,4
EMP0080,SK052,3,5
EMP0080,SK049,2,11
EMP0080,SK029,2,2
EMP0080,SK035,3,10
EMP0080,SK019,3,10
EMP0080,SK002,2,11
EMP0080,SK073,2,12
EMP0080,SK005,2,11
EMP0080,SK001,2,4
EMP0080,SK017,3,2
EMP0081,SK021,4,7
EMP0081,SK070,4,9
EMP0081,SK012,2,13
EMP0081,SK043,2,10
EMP0081,SK062,1,12
EMP0081,SK067,3,9
EMP0081,SK033,3,14
EMP0081,SK072,2,8
EMP0081,SK022,3,6
EMP0081,SK071,2,8
EMP0081,SK069,2,7
EMP0081,SK050,3,6
EMP0081,SK051,3,7
EMP0081,SK034,2,5
EMP0081,SK053,1,6
EMP0081,SK011,4,9
EMP0081,SK046,2,3
EMP0081,SK009,4,0
EMP0081,SK054,3,13
EMP0081,SK060,4,9
EMP0081,SK042,2,0
EMP0081,SK013,1,14
EMP0082,SK054,2,9
EMP0082,SK068,3,10
EMP0082,SK057,2,5
EMP0082,SK067,3,5
EMP0082,SK022,3,1
EMP0082,SK020,2,7
EMP0082,SK016,4,11
EMP0082,SK023,3,8
EMP0082,SK060,2,14
EMP0082,SK039,1,10
EMP0082,SK061,3,12
EMP0082,SK015,3,10
EMP0082,SK004,1,14
EMP0082,SK066,2,8
EMP0082,SK040,2,2
EMP0082,SK035,3,13
EMP0082,SK071,5,6
EMP0082,SK002,4,3
EMP0082,SK018,3,14
EMP0082,SK070,2,3
EMP0082,SK019,2,5
EMP0082,SK049,2,0
EMP0082,SK003,3,13
EMP0082,SK064,2,5
EMP0083,SK039,3,11
EMP0083,SK015,3,5
EMP0083,SK068,3,10
EMP0083,SK032,2,3
EMP0083,SK059,2,7
EMP0083,SK006,2,0
EMP0083,SK050,1,3
EMP0083,SK010,2,11
EMP0083,SK072,3,2
EMP0083,SK054,2,1
EMP0083,SK005,4,2
EMP0083,SK012,2,11
EMP0083,SK060,2,7
EMP0083,SK033,2,3
EMP0083,SK031,2,4
EMP0083,SK020,2,4
EMP0083,SK049,2,0
EMP0083,SK057,3,9
EMP0083,SK014,3,7
EMP0083,SK061,3,0
EMP0084,SK046,1,14
EMP0084,SK047,1,10
EMP0084,SK002,2,1
EMP0084,SK009,3,2
EMP0084,SK008,2,12
EMP0084,SK010,3,0
EMP0084,SK052,3,7
EMP0084,SK042,3,11
EMP0084,SK005,4,14
EMP0084,SK073,2,12
EMP0084,SK032,2,11
EMP0084,SK015,4,7
EMP0084,SK018,3,0
EMP0084,SK034,4,11
EMP0084,SK007,4,14
EMP0084,SK040,3,1
EMP0084,SK044,5,8
EMP0085,SK053,3,7
EMP0085,SK030,3,4
EMP0085,SK048,2,0
EMP0085,SK040,3,3
EMP0085,SK069,3,9
EMP0085,SK046,3,13
EMP0085,SK029,3,6
EMP0085,SK060,3,6
EMP0085,SK070,2,10
EMP0085,SK057,4,8
EMP0085,SK062,3,5
EMP0085,SK032,1,3
EMP0085,SK006,3,13
EMP0085,SK037,3,13
EMP0085,SK017,2,11
EMP0085,SK027,3,10
EMP0085,SK058,3,2
EMP0085,SK043,2,8
EMP0085,SK036,3,10
EMP0086,SK028,1,13
EMP0086,SK010,2,12
EMP0086,SK048,1,5
EMP0086,SK015,4,12
EMP0086,SK020,2,1
EMP0086,SK067,2,4
EMP0086,SK034,2,0
EMP0086,SK026,3,3
EMP0086,SK050,2,3
EMP0086,SK004,3,7
EMP0086,SK011,1,10
EMP0086,SK051,1,12
EMP0086,SK072,3,0
EMP0086,SK002,3,3
EMP0086,SK047,2,14
EMP0087,SK028,1,3
EMP0087,SK014,2,5
EMP0087,SK002,3,2
EMP0087,SK059,1,8
EMP0087,SK054,1,13
EMP0087,SK027,2,13
EMP0087,SK051,2,14
EMP0087,SK056,4,10
EMP0087,SK064,3,1
EMP0087,SK012,2,12
EMP0087,SK049,1,11
EMP0087,SK021,4,7
EMP0087,SK024,2,12
EMP0087,SK058,4,5
EMP0087,SK022,1,10
EMP0087,SK020,3,2
EMP0087,SK009,3,7
EMP0087,SK025,2,10
EMP0087,SK038,1,9
EMP0087,SK034,2,14
EMP0087,SK004,3,4
EMP0087,SK063,3,2
EMP0087,SK067,3,13
EMP0087,SK050,2,11
EMP0087,SK044,2,9
EMP0087,SK055,3,2
EMP0087,SK068,2,8
EMP0088,SK069,1,7
EMP0088,SK024,2,9
EMP0088,SK031,2,11
EMP0088,SK027,2,14
EMP0088,SK026,3,13
EMP0088,SK047,3,10
EMP0088,SK049,1,8
EMP0088,SK021,2,2
EMP0088,SK030,2,0
EMP0088,SK020,2,14
EMP0088,SK067,3,11
EMP0088,SK054,3,6
EMP0088,SK011,4,10
EMP0088,SK003,3,1
EMP0088,SK062,2,6
EMP0088,SK028,3,5
EMP0089,SK055,2,0
EMP0089,SK051,3,2
EMP0089,SK005,2,5
EMP0089,SK028,3,14
EMP0089,SK033,2,14
EMP0089,SK026,2,13
EMP0089,SK039,2,8
EMP0089,SK027,2,2
EMP0089,SK057,2,5
EMP0089,SK056,2,6
EMP0089,SK050,3,8
EMP0089,SK060,2,4
EMP0089,SK059,4,9
EMP0089,SK063,2,2
EMP0089,SK021,2,12
EMP0089,SK020,2,0
EMP0089,SK072,5,7
EMP0089,SK008,2,6
EMP0089,SK023,2,14
EMP0090,SK059,3,11
EMP0090,SK025,5,10
EMP0090,SK055,1,6
EMP0090,SK028,3,7
EMP0090,SK071,2,3
EMP0090,SK041,4,11
EMP0090,SK058,1,12
EMP0090,SK004,3,12
EMP0090,SK002,2,9
EMP0090,SK046,2,13
EMP0090,SK053,3,13
EMP0090,SK022,1,9
EMP0090,SK044,3,12
EMP0090,SK050,2,8
EMP0090,SK073,3,9
EMP0090,SK008,2,5
EMP0090,SK018,2,12
EMP0090,SK034,3,10
EMP0090,SK048,2,3
EMP0090,SK021,2,12
EMP0090,SK063,3,2
EMP0090,SK010,2,7
EMP0090,SK061,3,8
EMP0090,SK037,3,4
EMP0090,SK024,2,1
EMP0090,SK016,3,1
EMP0090,SK039,2,2
EMP0090,SK035,2,8
EMP0090,SK030,3,8
EMP0090,SK057,3,9
EMP0091,SK009,2,8
EMP0091,SK058,3,14
EMP0091,SK062,3,12
EMP0091,SK060,3,2
EMP0091,SK022,2,3
EMP0091,SK046,3,5
EMP0091,SK070,3,6
EMP0091,SK073,2,3
EMP0091,SK005,4,10
EMP0091,SK072,4,7
EMP0091,SK068,1,10
EMP0091,SK024,2,0
EMP0091,SK069,2,6
EMP0091,SK039,2,1
EMP0091,SK016,3,1
EMP0091,SK001,3,6
EMP0091,SK038,2,9
EMP0091,SK050,3,14
EMP0091,SK028,3,9
EMP0091,SK033,2,6
EMP0091,SK015,2,11
EMP0091,SK030,2,3
EMP0091,SK043,4,3
EMP0091,SK061,3,0
EMP0091,SK047,2,5
EMP0092,SK029,3,2
EMP0092,SK001,1,13
EMP0092,SK057,4,9
EMP0092,SK064,2,10
EMP0092,SK033,4,14
EMP0092,SK069,2,10
EMP0092,SK048,3,12
EMP0092,SK020,2,10
EMP0092,SK031,4,7
EMP0092,SK050,3,2
EMP0092,SK030,3,3
EMP0092,SK015,2,13
EMP0092,SK034,3,4
EMP0092,SK024,2,8
EMP0092,SK045,2,8
EMP0092,SK047,4,13
EMP0092,SK005,2,6
EMP0092,SK071,3,13
EMP0092,SK044,2,10
EMP0092,SK067,3,11
EMP0092,SK054,3,7
EMP0092,SK039,2,6
EMP0092,SK037,3,5
EMP0092,SK027,5,0
EMP0093,SK004,5,14
EMP0093,SK068,3,5
EMP0093,SK043,1,7
EMP0093,SK009,2,8
EMP0093,SK038,2,13
EMP0093,SK059,2,4
EMP0093,SK003,3,4
EMP0093,SK034,2,5
EMP0093,SK030,2,0
EMP0093,SK072,2,7
EMP0093,SK041,1,12
EMP0093,SK014,2,14
EMP0093,SK036,3,4
EMP0093,SK027,3,2
EMP0093,SK022,4,3
EMP0093,SK021,3,11
EMP0093,SK015,5,1
EMP0094,SK003,4,5
EMP0094,SK035,1,8
EMP0094,SK049,1,9
EMP0094,SK022,2,5
EMP0094,SK025,2,11
EMP0094,SK023,3,5
EMP0094,SK027,2,2
EMP0094,SK045,3,2
EMP0094,SK063,3,9
EMP0094,SK015,5,9
EMP0094,SK030,1,1
EMP0094,SK004,4,11
EMP0094,SK034,2,6
EMP0094,SK005,1,9
EMP0094,SK021,4,10
EMP0094,SK066,2,8
EMP0094,SK061,3,7
EMP0094,SK050,3,4
EMP0094,SK054,1,2
EMP0094,SK028,3,7
EMP0094,SK018,4,3
EMP0094,SK006,4,14
EMP0094,SK070,3,5
EMP0094,SK038,2,4
EMP0095,SK064,4,13
EMP0095,SK030,3,5
EMP0095,SK013,5,12
EMP0095,SK020,3,2
EMP0095,SK032,4,12
EMP0095,SK058,1,2
EMP0095,SK071,3,2
EMP0095,SK023,3,10
EMP0095,SK036,3,7
EMP0095,SK060,2,7
EMP0095,SK056,3,4
EMP0095,SK011,2,9
EMP0095,SK065,3,12
EMP0095,SK051,3,6
EMP0095,SK037,3,5
EMP0095,SK040,1,4
EMP0095,SK003,1,11
EMP0095,SK018,2,0
EMP0095,SK015,2,11
EMP0095,SK001,2,6
EMP0095,SK041,3,9
EMP0095,SK022,1,11
EMP0095,SK052,2,10
EMP0095,SK049,3,2
EMP0095,SK072,2,3
EMP0095,SK046,2,9
EMP0095,SK059,1,10
EMP0096,SK050,3,14
EMP0096,SK010,2,12
EMP0096,SK012,2,8
EMP0096,SK022,2,3
EMP0096,SK067,3,11
EMP0096,SK019,2,7
EMP0096,SK071,3,13
EMP0096,SK068,4,3
EMP0096,SK021,3,7
EMP0096,SK004,4,4
EMP0096,SK002,4,10
EMP0096,SK029,2,1
EMP0096,SK038,5,4
EMP0096,SK006,2,0
EMP0096,SK072,2,11
EMP0096,SK048,3,14
EMP0096,SK030,2,9
EMP0096,SK037,3,10
EMP0096,SK049,3,12
EMP0096,SK017,2,11
EMP0096,SK023,4,12
EMP0096,SK034,4,2
EMP0096,SK046,3,7
EMP0096,SK039,4,6
EMP0097,SK002,3,3
EMP0097,SK044,2,6
EMP0097,SK059,1,3
EMP0097,SK003,4,10
EMP0097,SK017,2,11
EMP0097,SK055,2,5
EMP0097,SK019,2,14
EMP0097,SK063,2,2
EMP0097,SK053,5,5
EMP0097,SK029,3,1
EMP0097,SK018,3,8
EMP0097,SK054,1,9
EMP0097,SK010,2,2
EMP0097,SK049,4,14
EMP0097,SK001,2,14
EMP0097,SK038,2,1
EMP0097,SK032,3,4
EMP0097,SK013,3,2
EMP0097,SK052,3,2
EMP0098,SK073,2,12
EMP0098,SK005,3,0
EMP0098,SK032,2,4
EMP0098,SK052,4,0
EMP0098,SK024,3,11
EMP0098,SK050,3,11
EMP0098,SK066,2,11
EMP0098,SK058,2,1
EMP0098,SK067,2,12
EMP0098,SK068,2,3
EMP0098,SK035,2,9
EMP0098,SK036,4,2
EMP0098,SK016,5,2
EMP0098,SK055,1,3
EMP0098,SK013,4,13
EMP0098,SK006,3,5
EMP0098,SK061,2,6
EMP0098,SK033,2,13
EMP0098,SK039,1,9
EMP0098,SK007,2,3
EMP0099,SK016,4,8
EMP0099,SK032,3,7
EMP0099,SK025,3,14
EMP0099,SK053,3,13
EMP0099,SK021,4,11
EMP0099,SK018,3,0
EMP0099,SK024,2,7
EMP0099,SK027,3,10
EMP0099,SK029,2,7
EMP0099,SK045,3,7
EMP0099,SK046,2,7
EMP0099,SK051,2,13
EMP0099,SK030,2,8
EMP0099,SK058,2,12
EMP0099,SK014,3,11
EMP0099,SK063,2,13
EMP0099,SK056,2,1
EMP0099,SK060,3,11
EMP0099,SK005,3,3
EMP0099,SK038,3,4
EMP0099,SK001,2,14
EMP0100,SK065,3,7
EMP0100,SK018,2,6
EMP0100,SK072,5,13
EMP0100,SK033,3,3
EMP0100,SK023,2,4
EMP0100,SK034,3,1
EMP0100,SK007,2,12
EMP0100,SK011,3,6
EMP0100,SK073,3,13
EMP0100,SK040,3,0
EMP0100,SK032,3,4
EMP0100,SK004,3,6
EMP0100,SK057,3,2
EMP0100,SK038,2,7
EMP0100,SK050,5,7
EMP0100,SK049,1,5
EMP0100,SK035,2,10
EMP0101,SK050,3,10
EMP0101,SK006,1,9
EMP0101,SK067,4,14
EMP0101,SK001,2,0
EMP0101,SK066,4,8
EMP0101,SK004,1,13
EMP0101,SK016,3,11
EMP0101,SK060,3,5
EMP0101,SK035,1,8
EMP0101,SK046,2,7
EMP0101,SK065,2,13
EMP0101,SK031,3,14
EMP0101,SK003,3,11
EMP0101,SK072,1,8
EMP0101,SK015,3,7
EMP0101,SK026,3,6
EMP0101,SK047,3,11
EMP0101,SK011,2,12
EMP0101,SK020,2,3
EMP0101,SK057,3,2
EMP0101,SK028,3,13
EMP0101,SK007,3,7
EMP0101,SK033,2,5
EMP0101,SK029,5,1
EMP0101,SK042,2,7
EMP0101,SK043,4,9
EMP0101,SK023,1,13
EMP0101,SK008,2,8
EMP0101,SK048,5,11
EMP0101,SK014,2,2
EMP0102,SK071,1,0
EMP0102,SK072,3,14
EMP0102,SK058,2,13
EMP0102,SK003,2,0
EMP0102,SK026,3,3
EMP0102,SK054,3,12
EMP0102,SK001,3,11
EMP0102,SK046,2,8
EMP0102,SK061,3,9
EMP0102,SK067,3,11
EMP0102,SK047,3,13
EMP0102,SK019,3,1
EMP0102,SK032,3,2
EMP0102,SK009,2,2
EMP0102,SK011,3,3
EMP0102,SK017,2,14
EMP0102,SK045,3,4
EMP0102,SK021,3,7
EMP0102,SK018,2,9
EMP0102,SK064,1,1
EMP0102,SK010,3,12
EMP0102,SK027,3,14
EMP0102,SK004,3,0
EMP0102,SK055,3,8
EMP0102,SK056,3,10
EMP0102,SK007,2,0
EMP0103,SK047,3,14
EMP0103,SK041,2,7
EMP0103,SK024,2,1
EMP0103,SK046,2,11
EMP0103,SK025,1,8
EMP0103,SK055,4,0
EMP0103,SK015,3,4
EMP0103,SK039,2,2
EMP0103,SK054,2,6
EMP0103,SK005,3,11
EMP0103,SK036,3,14
EMP0103,SK049,4,12
EMP0103,SK044,2,12
EMP0103,SK014,2,0
EMP0103,SK067,2,12
EMP0103,SK060,2,12
EMP0103,SK011,4,11
EMP0103,SK061,2,4
EMP0103,SK037,2,11
EMP0103,SK033,1,5
EMP0104,SK025,2,12
EMP0104,SK007,3,6
EMP0104,SK055,3,11
EMP0104,SK053,3,3
EMP0104,SK048,2,12
EMP0104,SK009,2,12
EMP0104,SK066,4,4
EMP0104,SK021,2,11
EMP0104,SK033,2,8
EMP0104,SK015,2,13
EMP0104,SK069,3,7
EMP0104,SK052,2,2
EMP0104,SK064,3,0
EMP0104,SK041,3,7
EMP0104,SK043,2,4
EMP0104,SK036,2,13
EMP0104,SK061,4,11
EMP0104,SK018,3,0
EMP0104,SK035,2,2
EMP0104,SK037,3,14
EMP0104,SK038,3,7
EMP0104,SK067,1,2
EMP0104,SK049,2,14
EMP0104,SK014,2,9
EMP0105,SK071,2,11
EMP0105,SK051,2,2
EMP0105,SK002,3,10
EMP0105,SK045,2,3
EMP0105,SK060,2,11
EMP0105,SK026,2,11
EMP0105,SK066,2,12
EMP0105,SK043,3,14
EMP0105,SK020,3,4
EMP0105,SK018,2,14
EMP0105,SK029,2,13
EMP0105,SK023,2,13
EMP0105,SK017,2,7
EMP0105,SK040,2,6
EMP0105,SK021,2,11
EMP0106,SK022,2,3
EMP0106,SK062,2,5
EMP0106,SK020,3,0
EMP0106,SK052,2,3
EMP0106,SK002,3,10
EMP0106,SK045,3,0
EMP0106,SK072,4,12
EMP0106,SK009,3,1
EMP0106,SK054,3,1
EMP0106,SK063,5,2
EMP0106,SK055,2,0
EMP0106,SK025,5,2
EMP0106,SK023,2,13
EMP0106,SK035,4,14
EMP0106,SK032,3,0
EMP0106,SK067,2,12
EMP0106,SK031,2,4
EMP0106,SK043,2,11
EMP0106,SK053,5,1
EMP0106,SK069,3,10
EMP0106,SK042,3,12
EMP0106,SK021,4,8
EMP0106,SK001,3,9
EMP0106,SK028,2,10
EMP0106,SK034,3,0
EMP0106,SK070,2,5
EMP0106,SK013,4,10
EMP0107,SK037,2,7
EMP0107,SK031,3,2
EMP0107,SK045,3,10
EMP0107,SK063,3,14
EMP0107,SK029,2,9
EMP0107,SK006,1,13
EMP0107,SK030,2,4
EMP0107,SK054,1,6
EMP0107,SK033,3,8
EMP0107,SK011,3,3
EMP0107,SK035,3,9
EMP0107,SK005,2,12
EMP0107,SK056,3,1
EMP0107,SK052,2,5
EMP0107,SK010,3,6
EMP0107,SK046,4,6
EMP0107,SK003,3,0
EMP0107,SK016,5,8
EMP0107,SK057,3,10
EMP0107,SK066,3,9
EMP0107,SK020,1,4
EMP0107,SK036,3,6
EMP0107,SK064,2,8
EMP0107,SK072,2,0
EMP0108,SK070,3,0
EMP0108,SK029,1,3
EMP0108,SK049,1,7
EMP0108,SK015,3,3
EMP0108,SK012,1,4
EMP0108,SK059,2,11
EMP0108,SK043,3,4
EMP0108,SK066,3,5
EMP0108,SK064,2,6
EMP0108,SK002,2,7
EMP0108,SK028,3,1
EMP0108,SK018,4,13
EMP0108,SK003,4,4
EMP0108,SK007,4,14
EMP0108,SK035,1,1
EMP0108,SK011,1,2
EMP0108,SK068,2,14
EMP0108,SK067,4,14
EMP0108,SK060,2,0
EMP0108,SK055,3,10
EMP0108,SK024,2,12
EMP0108,SK046,3,0
EMP0108,SK072,2,3
EMP0108,SK005,2,11
EMP0108,SK030,4,10
EMP0108,SK061,2,9
EMP0108,SK019,2,11
EMP0108,SK009,5,1
EMP0108,SK039,5,8
EMP0108,SK057,3,9
EMP0109,SK024,2,9
EMP0109,SK025,3,7
EMP0109,SK007,3,3
EMP0109,SK016,2,7
EMP0109,SK068,3,1
EMP0109,SK039,2,1
EMP0109,SK013,2,12
EMP0109,SK053,2,13
EMP0109,SK050,2,13
EMP0109,SK017,1,10
EMP0109,SK032,2,8
EMP0109,SK010,3,7
EMP0109,SK014,2,1
EMP0109,SK006,2,8
EMP0109,SK028,3,1
EMP0109,SK058,1,3
EMP0109,SK066,2,9
EMP0109,SK046,4,12
EMP0109,SK011,2,11
EMP0109,SK064,2,10
EMP0109,SK067,5,0
EMP0109,SK037,3,13
EMP0109,SK065,4,8
EMP0109,SK071,4,11
EMP0109,SK004,2,14
EMP0109,SK051,2,8
EMP0109,SK057,3,2
EMP0109,SK043,3,2
EMP0110,SK039,2,14
EMP0110,SK041,3,0
EMP0110,SK020,1,13
EMP0110,SK025,3,12
EMP0110,SK051,4,9
EMP0110,SK032,2,13
EMP0110,SK027,2,0
EMP0110,SK005,3,0
EMP0110,SK011,2,2
EMP0110,SK016,2,1
EMP0110,SK036,3,9
EMP0110,SK030,3,7
EMP0110,SK034,3,2
EMP0110,SK061,3,7
EMP0110,SK031,2,6
EMP0110,SK018,2,3
EMP0110,SK001,3,10
EMP0110,SK069,2,5
EMP0110,SK063,4,11
EMP0110,SK028,2,9
EMP0110,SK014,2,13
EMP0110,SK055,2,8
EMP0110,SK022,3,7
EMP0110,SK046,2,1
EMP0110,SK043,2,4
EMP0110,SK054,3,6
EMP0110,SK004,2,10
EMP0110,SK062,3,12
EMP0111,SK071,2,2
EMP0111,SK024,3,1
EMP0111,SK041,3,6
EMP0111,SK029,1,11
EMP0111,SK020,3,0
EMP0111,SK028,4,8
EMP0111,SK058,3,12
EMP0111,SK030,1,1
EMP0111,SK034,3,3
EMP0111,SK055,3,7
EMP0111,SK033,3,0
EMP0111,SK072,1,3
EMP0111,SK032,3,1
EMP0111,SK040,1,8
EMP0111,SK051,3,5
EMP0111,SK027,4,11
EMP0111,SK064,3,14
EMP0111,SK036,2,0
EMP0111,SK015,3,13
EMP0111,SK022,5,1
EMP0111,SK046,3,3
EMP0111,SK056,2,2
EMP0111,SK045,3,9
EMP0111,SK021,3,1
EMP0111,SK053,3,3
EMP0111,SK047,3,1
EMP0111,SK017,2,10
EMP0112,SK023,2,10
EMP0112,SK020,2,1
EMP0112,SK003,3,5
EMP0112,SK011,2,1
EMP0112,SK070,2,6
EMP0112,SK066,1,9
EMP0112,SK040,3,7
EMP0112,SK043,3,0
EMP0112,SK035,3,5
EMP0112,SK010,2,4
EMP0112,SK069,2,2
EMP0112,SK064,3,9
EMP0112,SK072,2,6
EMP0112,SK073,2,6
EMP0112,SK033,2,11
EMP0112,SK063,1,1
EMP0112,SK065,3,1
EMP0112,SK024,3,12
EMP0112,SK047,3,8
EMP0112,SK008,2,8
EMP0112,SK061,1,3
EMP0112,SK027,2,13
EMP0112,SK030,2,4
EMP0112,SK006,4,5
EMP0112,SK031,4,8
EMP0112,SK054,1,13
EMP0112,SK014,1,7
EMP0112,SK034,1,5
EMP0112,SK038,3,13
EMP0112,SK021,2,1
EMP0113,SK037,2,12
EMP0113,SK060,2,1
EMP0113,SK043,1,10
EMP0113,SK068,3,14
EMP0113,SK007,1,4
EMP0113,SK056,3,1
EMP0113,SK027,2,4
EMP0113,SK008,2,14
EMP0113,SK042,3,3
EMP0113,SK006,3,6
EMP0113,SK021,2,6
EMP0113,SK061,4,5
EMP0113,SK062,3,14
EMP0113,SK067,2,13
EMP0113,SK003,1,2
EMP0113,SK054,2,9
EMP0113,SK009,2,5
EMP0113,SK005,2,0
EMP0113,SK038,2,8
EMP0113,SK011,4,4
EMP0113,SK050,2,6
EMP0113,SK010,2,3
EMP0113,SK035,2,13
EMP0113,SK059,3,2
EMP0113,SK019,4,8
EMP0113,SK063,4,2
EMP0113,SK046,3,8
EMP0113,SK066,4,3
EMP0114,SK045,2,1
EMP0114,SK063,2,14
EMP0114,SK018,2,5
EMP0114,SK009,4,3
EMP0114,SK015,3,14
EMP0114,SK068,3,12
EMP0114,SK049,3,5
EMP0114,SK040,1,3
EMP0114,SK006,5,6
EMP0114,SK060,3,1
EMP0114,SK043,2,2
EMP0114,SK025,2,1
EMP0114,SK024,3,8
EMP0114,SK036,2,7
EMP0114,SK037,2,13
EMP0115,SK043,3,13
EMP0115,SK029,3,7
EMP0115,SK048,2,12
EMP0115,SK005,2,6
EMP0115,SK061,4,12
EMP0115,SK025,3,13
EMP0115,SK004,4,1
EMP0115,SK068,3,8
EMP0115,SK069,3,4
EMP0115,SK024,4,14
EMP0115,SK045,2,3
EMP0115,SK037,2,11
EMP0115,SK012,2,11
EMP0115,SK009,2,2
EMP0115,SK031,4,8
EMP0115,SK028,2,12
EMP0115,SK044,3,11
EMP0115,SK026,2,5
EMP0115,SK050,4,14
EMP0115,SK057,3,14
EMP0116,SK052,3,4
EMP0116,SK024,2,12
EMP0116,SK034,1,6
EMP0116,SK014,2,4
EMP0116,SK012,4,12
EMP0116,SK063,4,4
EMP0116,SK032,3,8
EMP0116,SK006,3,1
EMP0116,SK049,2,11
EMP0116,SK069,2,4
EMP0116,SK056,2,10
EMP0116,SK047,3,2
EMP0116,SK042,3,12
EMP0116,SK030,1,12
EMP0116,SK057,2,0
EMP0117,SK032,1,13
EMP0117,SK047,3,6
EMP0117,SK015,3,5
EMP0117,SK054,4,14
EMP0117,SK038,3,1
EMP0117,SK008,3,6
EMP0117,SK045,4,11
EMP0117,SK035,2,5
EMP0117,SK004,3,10
EMP0117,SK040,3,2
EMP0117,SK052,2,9
EMP0117,SK039,2,13
EMP0117,SK014,1,2
EMP0117,SK018,2,14
EMP0117,SK059,3,11
EMP0117,SK049,5,8
EMP0117,SK057,4,0
EMP0117,SK065,2,7
EMP0117,SK055,3,1
EMP0117,SK060,3,4
EMP0117,SK070,3,6
EMP0117,SK023,2,4
EMP0117,SK046,2,13
EMP0118,SK015,3,14
EMP0118,SK045,2,10
EMP0118,SK066,2,13
EMP0118,SK043,1,3
EMP0118,SK017,3,11
EMP0118,SK070,1,2
EMP0118,SK011,3,5
EMP0118,SK054,4,4
EMP0118,SK062,1,13
EMP0118,SK009,2,4
EMP0118,SK010,4,6
EMP0118,SK033,4,8
EMP0118,SK037,3,4
EMP0118,SK067,3,3
EMP0118,SK052,3,2
EMP0118,SK040,3,7
EMP0118,SK068,2,7
EMP0118,SK007,2,0
EMP0118,SK035,4,8
EMP0118,SK069,2,10
EMP0118,SK042,3,10
EMP0118,SK046,2,6
EMP0118,SK022,3,10
EMP0118,SK055,3,14
EMP0118,SK005,4,6
EMP0118,SK003,3,12
EMP0118,SK029,1,3
EMP0118,SK028,4,3
EMP0118,SK058,3,11
EMP0118,SK039,1,14
EMP0119,SK048,3,1
EMP0119,SK046,3,13
EMP0119,SK056,3,2
EMP0119,SK063,2,5
EMP0119,SK001,2,0
EMP0119,SK003,2,2
EMP0119,SK028,2,3
EMP0119,SK055,3,0
EMP0119,SK049,3,12
EMP0119,SK040,2,4
EMP0119,SK060,1,10
EMP0119,SK021,2,7
EMP0119,SK064,4,9
EMP0119,SK017,3,1
EMP0119,SK041,2,3
EMP0119,SK031,3,4
EMP0119,SK020,3,10
EMP0119,SK009,2,1
EMP0120,SK029,4,6
EMP0120,SK035,2,2
EMP0120,SK063,2,14
EMP0120,SK014,3,2
EMP0120,SK010,3,10
EMP0120,SK073,3,3
EMP0120,SK013,3,10
EMP0120,SK065,3,0
EMP0120,SK036,2,1
EMP0120,SK020,2,2
EMP0120,SK051,2,14
EMP0120,SK007,2,12
EMP0120,SK019,5,3
EMP0120,SK002,4,14
EMP0120,SK047,2,5
EMP0120,SK044,3,1
EMP0120,SK017,2,10
EMP0120,SK066,2,7
EMP0120,SK067,2,7
EMP0120,SK032,4,7
EMP0120,SK048,3,11
EMP0120,SK008,2,3
EMP0120,SK069,2,11
EMP0120,SK061,5,8
EMP0120,SK038,1,3
EMP0120,SK040,3,9
EMP0120,SK034,2,4
EMP0121,SK041,2,0
EMP0121,SK040,2,9
EMP0121,SK053,2,1
EMP0121,SK021,3,11
EMP0121,SK011,3,1
EMP0121,SK071,5,10
EMP0121,SK055,4,10
EMP0121,SK067,2,8
EMP0121,SK010,3,4
EMP0121,SK039,3,11
EMP0121,SK062,2,9
EMP0121,SK065,2,12
EMP0121,SK023,3,9
EMP0121,SK005,3,0
EMP0121,SK048,4,1
EMP0121,SK064,3,10
EMP0121,SK054,2,9
EMP0121,SK033,2,8
EMP0121,SK012,2,6
EMP0121,SK017,4,10
EMP0122,SK052,5,9
EMP0122,SK011,3,1
EMP0122,SK029,2,10
EMP0122,SK054,2,14
EMP0122,SK055,5,6
EMP0122,SK036,2,4
EMP0122,SK020,3,6
EMP0122,SK056,3,8
EMP0122,SK037,4,12
EMP0122,SK062,3,10
EMP0122,SK021,2,0
EMP0122,SK010,2,13
EMP0122,SK023,3,0
EMP0122,SK072,2,7
EMP0122,SK038,1,7
EMP0122,SK006,3,11
EMP0122,SK009,3,8
EMP0122,SK051,3,5
EMP0122,SK015,3,9
EMP0122,SK050,3,12
EMP0122,SK053,2,0
EMP0122,SK031,3,4
EMP0123,SK004,3,14
EMP0123,SK044,2,11
EMP0123,SK042,2,2
EMP0123,SK041,3,4
EMP0123,SK038,2,8
EMP0123,SK023,2,5
EMP0123,SK028,2,6
EMP0123,SK056,3,2
EMP0123,SK067,2,4
EMP0123,SK062,2,3
EMP0123,SK024,3,3
EMP0123,SK050,1,3
EMP0123,SK063,2,8
EMP0123,SK047,3,5
EMP0123,SK054,3,8
EMP0123,SK018,4,8
EMP0123,SK065,2,2
EMP0123,SK040,2,4
EMP0123,SK061,1,4
EMP0123,SK066,2,13
EMP0123,SK008,3,8
EMP0123,SK069,3,13
EMP0123,SK039,2,14
EMP0123,SK033,2,1
EMP0123,SK055,2,9
EMP0123,SK021,3,4
EMP0123,SK027,2,3
EMP0124,SK030,2,1
EMP0124,SK033,3,5
EMP0124,SK009,2,11
EMP0124,SK051,2,0
EMP0124,SK058,2,1
EMP0124,SK067,2,8
EMP0124,SK001,3,14
EMP0124,SK042,3,6
EMP0124,SK026,3,3
EMP0124,SK057,3,4
EMP0124,SK024,2,6
EMP0124,SK048,2,4
EMP0124,SK008,2,6
EMP0124,SK035,1,13
EMP0124,SK055,3,8
EMP0124,SK020,4,1
EMP0124,SK023,3,11
EMP0124,SK052,2,6
EMP0124,SK045,1,11
EMP0124,SK004,2,1
EMP0124,SK038,3,1
EMP0124,SK006,1,12
EMP0124,SK027,2,1
EMP0124,SK039,3,9
EMP0124,SK013,3,2
EMP0124,SK066,4,12
EMP0124,SK003,1,2
EMP0124,SK021,2,10
EMP0124,SK056,2,12
EMP0124,SK043,2,4
EMP0125,SK060,3,2
EMP0125,SK016,3,8
EMP0125,SK007,2,8
EMP0125,SK046,4,7
EMP0125,SK062,4,14
EMP0125,SK003,3,6
EMP0125,SK038,3,2
EMP0125,SK064,4,0
EMP0125,SK008,3,14
EMP0125,SK037,2,10
EMP0125,SK068,4,10
EMP0125,SK029,4,13
EMP0125,SK041,3,8
EMP0125,SK027,1,9
EMP0125,SK033,3,1
EMP0125,SK012,2,6
EMP0125,SK021,4,6
EMP0125,SK014,3,12
EMP0125,SK004,4,9
EMP0125,SK024,1,6
EMP0126,SK025,2,11
EMP0126,SK035,2,9
EMP0126,SK024,2,14
EMP0126,SK003,3,3
EMP0126,SK046,3,6
EMP0126,SK052,2,10
EMP0126,SK051,1,2
EMP0126,SK071,2,13
EMP0126,SK009,3,12
EMP0126,SK011,3,3
EMP0126,SK048,2,2
EMP0126,SK021,3,11
EMP0126,SK059,3,0
EMP0126,SK054,4,8
EMP0126,SK006,3,13
EMP0126,SK056,2,2
EMP0127,SK041,1,6
EMP0127,SK018,3,1
EMP0127,SK039,2,2
EMP0127,SK038,4,6
EMP0127,SK042,3,3
EMP0127,SK007,3,14
EMP0127,SK070,2,14
EMP0127,SK026,2,14
EMP0127,SK072,2,12
EMP0127,SK017,4,3
EMP0127,SK020,2,14
EMP0127,SK044,4,2
EMP0127,SK004,3,7
EMP0127,SK059,2,13
EMP0127,SK022,1,4
EMP0127,SK023,1,14
EMP0127,SK052,1,14
EMP0127,SK045,3,6
EMP0127,SK058,4,9
EMP0127,SK002,3,9
EMP0127,SK025,3,14
EMP0127,SK027,2,12
EMP0127,SK014,2,13
EMP0127,SK034,3,8
EMP0127,SK001,3,6
EMP0127,SK009,3,7
EMP0127,SK061,2,2
EMP0127,SK030,1,13
EMP0127,SK056,4,6
EMP0128,SK042,2,12
EMP0128,SK043,2,4
EMP0128,SK072,2,13
EMP0128,SK071,2,5
EMP0128,SK064,3,14
EMP0128,SK014,5,0
EMP0128,SK009,4,6
EMP0128,SK070,4,4
EMP0128,SK044,1,10
EMP0128,SK055,4,4
EMP0128,SK002,1,7
EMP0128,SK057,2,11
EMP0128,SK011,2,13
EMP0128,SK052,3,6
EMP0128,SK045,2,12
EMP0128,SK035,2,5
EMP0128,SK039,4,6
EMP0128,SK007,2,9
EMP0128,SK056,3,6
EMP0128,SK041,2,6
EMP0128,SK010,4,12
EMP0128,SK015,2,14
EMP0128,SK036,2,6
EMP0129,SK042,1,2
EMP0129,SK012,2,12
EMP0129,SK067,4,0
EMP0129,SK056,2,1
EMP0129,SK006,2,1
EMP0129,SK072,2,14
EMP0129,SK065,3,9
EMP0129,SK024,4,11
EMP0129,SK049,2,11
EMP0129,SK011,3,2
EMP0129,SK057,4,2
EMP0129,SK027,2,8
EMP0129,SK030,2,5
EMP0129,SK044,3,9
EMP0129,SK070,1,14
EMP0129,SK029,3,7
EMP0129,SK019,1,6
EMP0129,SK069,2,14
EMP0129,SK017,4,7
EMP0129,SK003,3,6
EMP0129,SK066,2,3
EMP0129,SK047,3,5
EMP0129,SK035,3,2
EMP0129,SK010,3,0
EMP0129,SK033,3,0
EMP0129,SK016,2,9
EMP0129,SK005,2,5
EMP0129,SK034,1,4
EMP0130,SK048,3,1
EMP0130,SK021,1,7
EMP0130,SK038,2,3
EMP0130,SK016,3,12
EMP0130,SK072,2,11
EMP0130,SK045,2,8
EMP0130,SK047,5,1
EMP0130,SK066,4,0
EMP0130,SK028,3,14
EMP0130,SK039,2,3
EMP0130,SK069,4,10
EMP0130,SK057,2,4
EMP0130,SK011,2,2
EMP0130,SK052,3,7
EMP0130,SK013,3,12
EMP0130,SK063,2,7
EMP0130,SK056,1,12
EMP0130,SK055,3,9
EMP0130,SK071,3,6
EMP0130,SK034,3,3
EMP0130,SK032,5,3
EMP0130,SK070,2,11
EMP0130,SK037,2,1
EMP0130,SK068,3,0
EMP0131,SK024,2,10
EMP0131,SK060,1,1
EMP0131,SK056,4,2
EMP0131,SK049,2,13
EMP0131,SK070,3,6
EMP0131,SK008,3,12
EMP0131,SK002,3,0
EMP0131,SK073,2,6
EMP0131,SK037,1,14
EMP0131,SK019,1,0
EMP0131,SK047,2,13
EMP0131,SK022,2,7
EMP0131,SK051,3,0
EMP0131,SK033,2,9
EMP0131,SK005,1,7
EMP0131,SK063,3,12
EMP0131,SK014,2,5
EMP0131,SK001,2,11
EMP0132,SK033,3,4
EMP0132,SK044,4,7
EMP0132,SK071,2,4
EMP0132,SK046,4,3
EMP0132,SK013,2,9
EMP0132,SK068,2,14
EMP0132,SK011,2,4
EMP0132,SK002,2,7
EMP0132,SK072,2,10
EMP0132,SK060,3,12
EMP0132,SK061,4,8
EMP0132,SK022,2,5
EMP0132,SK035,2,13
EMP0132,SK038,2,5
EMP0132,SK010,4,9
EMP0132,SK043,2,8
EMP0133,SK022,3,12
EMP0133,SK020,1,5
EMP0133,SK003,3,3
EMP0133,SK043,4,2
EMP0133,SK041,1,0
EMP0133,SK035,4,10
EMP0133,SK068,2,0
EMP0133,SK071,2,1
EMP0133,SK009,2,6
EMP0133,SK056,2,2
EMP0133,SK044,3,8
EMP0133,SK034,1,1
EMP0133,SK037,2,8
EMP0133,SK021,3,4
EMP0133,SK026,4,8
EMP0133,SK005,2,11
EMP0133,SK060,3,6
EMP0133,SK002,2,9
EMP0133,SK045,2,4
EMP0133,SK052,3,9
EMP0133,SK061,4,6
EMP0133,SK014,2,14
EMP0133,SK019,2,6
EMP0133,SK029,4,13
EMP0133,SK027,3,2
EMP0133,SK048,2,5
EMP0133,SK065,3,6
EMP0133,SK004,2,1
EMP0133,SK053,2,3
EMP0133,SK062,5,6
EMP0134,SK068,3,5
EMP0134,SK059,4,3
EMP0134,SK002,3,5
EMP0134,SK046,3,10
EMP0134,SK032,2,6
EMP0134,SK022,2,2
EMP0134,SK035,2,11
EMP0134,SK009,4,11
EMP0134,SK070,1,4
EMP0134,SK005,3,9
EMP0134,SK051,2,2
EMP0134,SK063,5,9
EMP0134,SK065,2,3
EMP0134,SK044,3,9
EMP0134,SK023,2,6
EMP0135,SK001,4,6
EMP0135,SK010,4,6
EMP0135,SK034,2,1
EMP0135,SK050,2,1
EMP0135,SK065,4,6
EMP0135,SK059,3,6
EMP0135,SK015,3,0
EMP0135,SK022,3,12
EMP0135,SK025,2,7
EMP0135,SK066,3,0
EMP0135,SK052,4,14
EMP0135,SK018,3,14
EMP0135,SK031,1,3
EMP0135,SK040,1,5
EMP0135,SK005,2,14
EMP0135,SK061,4,14
EMP0135,SK021,4,9
EMP0135,SK073,4,1
EMP0135,SK046,2,7
EMP0135,SK008,3,10
EMP0135,SK041,3,7
EMP0135,SK016,3,0
EMP0135,SK012,1,13
EMP0135,SK056,2,0
EMP0135,SK054,3,7
EMP0135,SK039,3,7
EMP0135,SK006,1,1
EMP0135,SK067,3,9
EMP0136,SK043,4,13
EMP0136,SK002,4,11
EMP0136,SK014,2,4
EMP0136,SK056,5,11
EMP0136,SK018,2,13
EMP0136,SK051,3,6
EMP0136,SK037,2,13
EMP0136,SK071,5,13
EMP0136,SK008,3,14
EMP0136,SK047,1,7
EMP0136,SK006,4,6
EMP0136,SK032,2,2
EMP0136,SK019,3,7
EMP0136,SK038,3,12
EMP0136,SK073,2,4
EMP0136,SK030,3,9
EMP0136,SK026,3,9
EMP0136,SK022,2,5
EMP0137,SK030,3,3
EMP0137,SK001,1,4
EMP0137,SK013,3,9
EMP0137,SK057,3,8
EMP0137,SK015,2,9
EMP0137,SK062,4,4
EMP0137,SK018,3,12
EMP0137,SK063,4,5
EMP0137,SK028,3,9
EMP0137,SK064,3,8
EMP0137,SK068,2,8
EMP0137,SK065,1,10
EMP0137,SK061,4,1
EMP0137,SK007,1,7
EMP0137,SK022,3,14
EMP0137,SK060,3,11
EMP0137,SK069,2,2
EMP0137,SK045,3,1
EMP0137,SK067,3,10
EMP0137,SK038,3,1
EMP0137,SK008,3,13
EMP0137,SK026,1,11
EMP0137,SK041,3,10
EMP0137,SK071,1,10
EMP0137,SK047,2,2
EMP0137,SK009,3,6
EMP0138,SK042,2,2
EMP0138,SK014,2,2
EMP0138,SK016,1,4
EMP0138,SK062,3,13
EMP0138,SK051,3,5
EMP0138,SK025,2,4
EMP0138,SK015,2,2
EMP0138,SK028,3,2
EMP0138,SK065,2,10
EMP0138,SK023,4,3
EMP0138,SK052,1,4
EMP0138,SK045,2,1
EMP0138,SK008,5,7
EMP0138,SK004,2,14
EMP0138,SK031,3,3
EMP0138,SK020,3,2
EMP0139,SK025,1,6
EMP0139,SK068,3,5
EMP0139,SK073,2,5
EMP0139,SK049,2,6
EMP0139,SK064,3,11
EMP0139,SK032,3,3
EMP0139,SK055,3,5
EMP0139,SK058,3,8
EMP0139,SK067,2,1
EMP0139,SK023,2,7
EMP0139,SK016,2,7
EMP0139,SK015,5,9
EMP0139,SK053,2,11
EMP0139,SK041,1,14
EMP0139,SK020,3,0
EMP0139,SK036,2,3
EMP0139,SK017,3,5
EMP0139,SK060,3,9
EMP0139,SK029,2,2
EMP0140,SK055,3,13
EMP0140,SK044,4,0
EMP0140,SK061,3,3
EMP0140,SK063,2,3
EMP0140,SK042,1,8
EMP0140,SK046,2,12
EMP0140,SK059,2,5
EMP0140,SK019,1,6
EMP0140,SK062,2,7
EMP0140,SK011,3,2
EMP0140,SK034,3,6
EMP0140,SK038,2,13
EMP0140,SK021,3,5
EMP0140,SK020,2,13
EMP0140,SK060,4,6
EMP0140,SK051,3,11
EMP0140,SK016,3,14
EMP0141,SK029,2,12
EMP0141,SK001,2,6
EMP0141,SK034,5,8
EMP0141,SK060,4,4
EMP0141,SK013,2,7
EMP0141,SK059,3,7
EMP0141,SK050,3,13
EMP0141,SK038,3,6
EMP0141,SK053,4,4
EMP0141,SK020,1,0
EMP0141,SK008,5,1
EMP0141,SK044,1,0
EMP0141,SK055,2,11
EMP0141,SK025,3,7
EMP0141,SK041,3,6
EMP0141,SK067,2,12
EMP0141,SK051,3,4
EMP0141,SK068,3,0
EMP0141,SK054,3,10
EMP0141,SK042,1,0
EMP0141,SK064,2,11
EMP0141,SK037,1,11
EMP0141,SK016,2,6
EMP0141,SK005,4,2
EMP0142,SK067,2,12
EMP0142,SK028,3,6
EMP0142,SK046,2,1
EMP0142,SK014,3,14
EMP0142,SK013,1,2
EMP0142,SK073,3,2
EMP0142,SK044,5,4
EMP0142,SK018,2,2
EMP0142,SK039,4,3
EMP0142,SK012,2,11
EMP0142,SK019,2,2
EMP0142,SK056,1,1
EMP0142,SK023,3,0
EMP0142,SK060,3,12
EMP0142,SK003,5,12
EMP0142,SK029,4,7
EMP0142,SK053,2,10
EMP0142,SK055,3,9
EMP0142,SK037,2,0
EMP0142,SK049,3,13
EMP0143,SK055,2,14
EMP0143,SK008,3,5
EMP0143,SK054,2,1
EMP0143,SK063,1,2
EMP0143,SK069,2,6
EMP0143,SK053,3,9
EMP0143,SK072,2,4
EMP0143,SK052,2,7
EMP0143,SK049,2,1
EMP0143,SK025,1,7
EMP0143,SK014,1,1
EMP0143,SK043,2,8
EMP0143,SK011,3,11
EMP0143,SK009,3,10
EMP0143,SK045,3,6
EMP0143,SK018,2,4
EMP0143,SK046,3,5
EMP0143,SK057,4,13
EMP0143,SK056,3,12
EMP0143,SK019,2,13
EMP0143,SK048,4,7
EMP0143,SK061,2,4
EMP0143,SK007,2,4
EMP0143,SK062,2,10
EMP0143,SK035,2,4
EMP0144,SK066,1,14
EMP0144,SK073,2,13
EMP0144,SK039,4,0
EMP0144,SK064,2,7
EMP0144,SK012,2,14
EMP0144,SK056,2,10
EMP0144,SK051,1,10
EMP0144,SK022,3,9
EMP0144,SK001,2,4
EMP0144,SK037,1,14
EMP0144,SK007,3,3
EMP0144,SK038,4,2
EMP0144,SK002,2,7
EMP0144,SK003,3,2
EMP0144,SK014,4,10
EMP0144,SK017,2,2
EMP0144,SK028,3,12
EMP0144,SK060,1,1
EMP0144,SK033,1,8
EMP0144,SK011,2,5
EMP0144,SK052,2,6
EMP0144,SK043,3,0
EMP0144,SK034,2,2
EMP0144,SK019,2,3
EMP0144,SK046,2,8
EMP0144,SK009,2,0
EMP0144,SK008,3,3
EMP0144,SK023,4,3
EMP0144,SK069,2,2
EMP0144,SK024,1,7
EMP0145,SK011,2,10
EMP0145,SK007,3,9
EMP0145,SK016,2,14
EMP0145,SK050,1,14
EMP0145,SK066,3,4
EMP0145,SK058,4,1
EMP0145,SK006,3,5
EMP0145,SK041,2,7
EMP0145,SK015,3,9
EMP0145,SK033,2,2
EMP0145,SK046,3,6
EMP0145,SK071,4,5
EMP0145,SK063,3,3
EMP0145,SK034,3,10
EMP0145,SK028,2,13
EMP0145,SK044,2,11
EMP0145,SK003,3,11
EMP0145,SK023,5,11
EMP0145,SK055,3,1
EMP0145,SK012,2,14
EMP0146,SK013,3,0
EMP0146,SK034,2,6
EMP0146,SK066,3,3
EMP0146,SK054,3,3
EMP0146,SK039,3,12
EMP0146,SK020,2,7
EMP0146,SK048,2,3
EMP0146,SK057,3,12
EMP0146,SK021,3,11
EMP0146,SK067,2,2
EMP0146,SK001,3,0
EMP0146,SK056,2,14
EMP0146,SK053,2,6
EMP0146,SK068,3,2
EMP0146,SK069,2,5
EMP0146,SK030,2,12
EMP0146,SK060,2,5
EMP0146,SK071,3,13
EMP0146,SK073,3,4
EMP0146,SK022,2,5
EMP0146,SK065,4,3
EMP0146,SK041,1,4
EMP0146,SK070,3,14
EMP0146,SK009,3,14
EMP0146,SK032,5,2
EMP0146,SK059,3,1
EMP0146,SK023,2,0
EMP0146,SK036,2,5
EMP0147,SK016,4,1
EMP0147,SK030,3,13
EMP0147,SK073,2,14
EMP0147,SK042,3,0
EMP0147,SK008,3,14
EMP0147,SK009,2,5
EMP0147,SK060,3,10
EMP0147,SK034,2,0
EMP0147,SK069,2,5
EMP0147,SK071,4,12
EMP0147,SK039,3,2
EMP0147,SK021,2,7
EMP0147,SK053,3,4
EMP0147,SK052,3,4
EMP0147,SK011,3,6
EMP0147,SK002,2,10
EMP0147,SK063,4,0
EMP0147,SK057,2,11
EMP0147,SK044,4,14
EMP0148,SK059,2,0
EMP0148,SK053,2,6
EMP0148,SK061,3,1
EMP0148,SK041,1,11
EMP0148,SK032,3,10
EMP0148,SK040,3,11
EMP0148,SK033,2,12
EMP0148,SK069,4,8
EMP0148,SK007,3,8
EMP0148,SK060,3,11
EMP0148,SK055,2,8
EMP0148,SK036,3,1
EMP0148,SK018,2,12
EMP0148,SK030,2,12
EMP0148,SK057,2,5
EMP0148,SK013,2,11
EMP0148,SK039,2,10
EMP0148,SK044,2,14
EMP0148,SK006,5,9
EMP0149,SK008,3,7
EMP0149,SK065,3,4
EMP0149,SK070,3,13
EMP0149,SK005,2,4
EMP0149,SK072,2,13
EMP0149,SK042,3,5
EMP0149,SK011,2,4
EMP0149,SK033,3,9
EMP0149,SK071,3,6
EMP0149,SK024,3,1
EMP0149,SK026,2,10
EMP0149,SK007,1,9
EMP0149,SK009,2,0
EMP0149,SK069,3,4
EMP0149,SK013,2,5
EMP0149,SK017,2,8
EMP0149,SK050,1,0
EMP0149,SK055,3,4
EMP0149,SK040,2,14
EMP0149,SK057,3,6
EMP0149,SK035,3,8
EMP0150,SK033,5,10
EMP0150,SK035,2,12
EMP0150,SK009,2,1
EMP0150,SK065,2,7
EMP0150,SK069,5,12
EMP0150,SK037,2,3
EMP0150,SK027,2,3
EMP0150,SK071,2,14
EMP0150,SK032,2,12
EMP0150,SK014,3,14
EMP0150,SK011,1,2
EMP0150,SK016,4,12
EMP0150,SK023,1,13
EMP0150,SK055,3,2
EMP0150,SK020,1,0
EMP0150,SK012,3,12
EMP0150,SK007,3,13
EMP0150,SK034,3,7
EMP0150,SK060,3,6
EMP0150,SK010,3,9
EMP0150,SK057,3,14
EMP0150,SK002,3,0
EMP0150,SK067,2,3
EMP0150,SK004,2,1
EMP0150,SK062,2,11
EMP0150,SK066,2,13
EMP0150,SK073,2,7
EMP0150,SK045,3,1
EMP0150,SK025,2,0
EMP0150,SK064,5,5
EMP0151,SK060,2,12
EMP0151,SK021,3,5
EMP0151,SK058,2,6
EMP0151,SK033,3,6
EMP0151,SK032,3,5
EMP0151,SK070,3,6
EMP0151,SK051,4,3
EMP0151,SK035,3,8
EMP0151,SK001,3,11
EMP0151,SK046,1,1
EMP0151,SK049,2,3
EMP0151,SK025,2,5
EMP0151,SK016,3,0
EMP0151,SK061,3,4
EMP0151,SK020,5,9
EMP0151,SK053,4,8
EMP0151,SK043,2,2
EMP0151,SK057,2,7
EMP0151,SK003,3,11
EMP0151,SK036,2,3
EMP0151,SK039,1,1
EMP0152,SK021,3,12
EMP0152,SK013,2,2
EMP0152,SK001,3,1
EMP0152,SK033,3,7
EMP0152,SK052,3,6
EMP0152,SK051,1,9
EMP0152,SK022,3,7
EMP0152,SK026,5,6
EMP0152,SK020,3,9
EMP0152,SK054,1,8
EMP0152,SK065,3,5
EMP0152,SK073,3,12
EMP0152,SK045,2,5
EMP0152,SK072,3,3
EMP0152,SK044,2,12
EMP0152,SK024,4,3
EMP0152,SK037,2,11
EMP0152,SK062,2,4
EMP0152,SK053,3,13
EMP0152,SK036,1,2
EMP0152,SK070,2,6
EMP0152,SK014,2,1
EMP0152,SK055,3,8
EMP0152,SK010,2,10
EMP0153,SK044,3,0
EMP0153,SK061,2,14
EMP0153,SK043,3,6
EMP0153,SK046,4,12
EMP0153,SK010,4,0
EMP0153,SK028,1,1
EMP0153,SK025,3,9
EMP0153,SK071,2,11
EMP0153,SK051,2,12
EMP0153,SK052,3,9
EMP0153,SK024,3,4
EMP0153,SK004,3,14
EMP0153,SK033,2,5
EMP0153,SK031,3,11
EMP0153,SK012,1,2
EMP0153,SK036,3,0
EMP0153,SK022,2,6
EMP0153,SK023,3,11
EMP0153,SK055,5,14
EMP0153,SK037,3,3
EMP0153,SK007,2,9
EMP0153,SK069,3,1
EMP0153,SK026,3,6
EMP0154,SK039,3,2
EMP0154,SK019,2,2
EMP0154,SK031,3,4
EMP0154,SK049,3,0
EMP0154,SK043,2,11
EMP0154,SK038,3,8
EMP0154,SK011,2,13
EMP0154,SK023,2,14
EMP0154,SK052,2,6
EMP0154,SK017,2,0
EMP0154,SK016,1,8
EMP0154,SK024,4,1
EMP0154,SK034,2,2
EMP0154,SK032,3,14
EMP0154,SK045,1,1
EMP0154,SK020,4,2
EMP0154,SK007,3,11
EMP0154,SK028,2,14
EMP0154,SK066,3,5
EMP0154,SK056,2,8
EMP0155,SK017,3,1
EMP0155,SK035,1,5
EMP0155,SK064,4,1
EMP0155,SK072,4,8
EMP0155,SK052,2,10
EMP0155,SK001,3,6
EMP0155,SK011,4,13
EMP0155,SK047,2,7
EMP0155,SK042,2,11
EMP0155,SK005,3,14
EMP0155,SK058,4,10
EMP0155,SK024,2,11
EMP0155,SK054,3,11
EMP0155,SK059,1,9
EMP0155,SK022,1,4
EMP0155,SK014,3,4
EMP0155,SK012,3,10
EMP0155,SK045,3,0
EMP0155,SK053,2,7
EMP0155,SK070,2,5
EMP0155,SK061,4,9
EMP0156,SK068,1,5
EMP0156,SK042,2,0
EMP0156,SK063,2,3
EMP0156,SK021,3,6
EMP0156,SK007,3,13
EMP0156,SK037,2,7
EMP0156,SK022,1,11
EMP0156,SK071,5,5
EMP0156,SK005,3,5
EMP0156,SK039,2,14
EMP0156,SK056,3,3
EMP0156,SK070,3,9
EMP0156,SK025,2,12
EMP0156,SK035,3,12
EMP0156,SK009,2,5
EMP0156,SK055,3,10
EMP0156,SK054,2,11
EMP0156,SK043,3,1
EMP0156,SK013,2,2
EMP0156,SK015,3,13
EMP0156,SK032,4,4
EMP0156,SK049,1,12
EMP0156,SK017,3,7
EMP0156,SK028,5,12
EMP0156,SK026,3,9
EMP0156,SK008,2,10
EMP0156,SK044,4,6
EMP0156,SK036,2,12
EMP0156,SK033,1,9
EMP0156,SK019,2,10
EMP0157,SK010,1,9
EMP0157,SK025,2,4
EMP0157,SK033,2,5
EMP0157,SK043,2,4
EMP0157,SK035,4,14
EMP0157,SK057,2,13
EMP0157,SK066,2,13
EMP0157,SK062,1,8
EMP0157,SK012,2,2
EMP0157,SK004,2,0
EMP0157,SK061,3,12
EMP0157,SK055,2,10
EMP0157,SK048,3,13
EMP0157,SK068,2,10
EMP0157,SK016,2,12
EMP0157,SK047,3,12
EMP0157,SK052,3,6
EMP0157,SK040,2,3
EMP0157,SK032,2,12
EMP0157,SK021,3,10
EMP0157,SK042,1,1
EMP0157,SK037,2,0
EMP0157,SK036,2,9
EMP0157,SK054,3,13
EMP0157,SK020,1,2
EMP0157,SK027,2,6
EMP0158,SK046,2,13
EMP0158,SK011,3,14
EMP0158,SK066,2,11
EMP0158,SK063,2,2
EMP0158,SK064,3,14
EMP0158,SK026,3,3
EMP0158,SK028,2,12
EMP0158,SK052,4,4
EMP0158,SK056,3,7
EMP0158,SK068,3,10
EMP0158,SK048,1,5
EMP0158,SK051,4,3
EMP0158,SK070,2,0
EMP0158,SK009,3,8
EMP0158,SK005,5,0
EMP0158,SK060,2,6
EMP0158,SK019,4,8
EMP0158,SK036,3,7
EMP0158,SK022,3,11
EMP0158,SK014,5,14
EMP0158,SK029,2,6
EMP0158,SK044,2,4
EMP0158,SK054,3,4
EMP0158,SK015,2,2
EMP0158,SK016,2,6
EMP0158,SK041,3,10
EMP0158,SK002,5,4
EMP0158,SK067,3,8
EMP0158,SK055,4,0
EMP0159,SK051,3,10
EMP0159,SK048,2,6
EMP0159,SK007,1,0
EMP0159,SK032,2,4
EMP0159,SK030,3,0
EMP0159,SK023,3,4
EMP0159,SK071,4,14
EMP0159,SK046,2,10
EMP0159,SK033,2,14
EMP0159,SK036,2,9
EMP0159,SK047,2,4
EMP0159,SK039,1,4
EMP0159,SK042,1,14
EMP0159,SK021,3,9
EMP0159,SK055,3,8
EMP0159,SK061,1,5
EMP0159,SK037,2,1
EMP0159,SK056,2,10
EMP0159,SK018,3,3
EMP0159,SK024,2,1
EMP0159,SK049,3,4
EMP0159,SK003,2,10
EMP0160,SK043,1,5
EMP0160,SK071,2,3
EMP0160,SK072,1,2
EMP0160,SK045,2,4
EMP0160,SK047,3,8
EMP0160,SK037,2,11
EMP0160,SK017,4,9
EMP0160,SK016,1,10
EMP0160,SK024,3,7
EMP0160,SK046,3,13
EMP0160,SK007,1,6
EMP0160,SK065,3,8
EMP0160,SK061,3,1
EMP0160,SK034,3,14
EMP0160,SK059,3,12
EMP0161,SK068,2,7
EMP0161,SK073,4,1
EMP0161,SK010,4,8
EMP0161,SK012,2,0
EMP0161,SK069,2,7
EMP0161,SK014,2,14
EMP0161,SK021,2,4
EMP0161,SK002,1,0
EMP0161,SK024,3,3
EMP0161,SK016,2,3
EMP0161,SK059,2,3
EMP0161,SK018,2,0
EMP0161,SK044,3,14
EMP0161,SK036,5,9
EMP0161,SK007,2,11
EMP0161,SK054,3,12
EMP0161,SK043,2,0
EMP0161,SK056,2,4
EMP0161,SK032,4,7
EMP0161,SK008,3,6
EMP0162,SK067,2,5
EMP0162,SK026,3,3
EMP0162,SK044,4,3
EMP0162,SK042,3,9
EMP0162,SK027,2,8
EMP0162,SK035,3,13
EMP0162,SK030,3,10
EMP0162,SK020,2,9
EMP0162,SK034,2,7
EMP0162,SK056,3,8
EMP0162,SK018,2,9
EMP0162,SK032,2,3
EMP0162,SK031,2,8
EMP0162,SK041,4,2
EMP0162,SK060,3,14
EMP0162,SK025,1,14
EMP0162,SK050,3,4
EMP0162,SK037,3,0
EMP0162,SK007,4,1
EMP0162,SK066,2,10
EMP0162,SK073,1,4
EMP0162,SK052,2,4
EMP0162,SK039,2,11
EMP0162,SK015,1,6
EMP0162,SK049,3,8
EMP0162,SK055,4,14
EMP0162,SK016,2,8
EMP0162,SK033,3,7
EMP0162,SK001,1,6
EMP0162,SK058,1,10
EMP0163,SK005,2,8
EMP0163,SK034,3,4
EMP0163,SK054,4,14
EMP0163,SK055,3,9
EMP0163,SK062,4,9
EMP0163,SK001,3,5
EMP0163,SK008,2,6
EMP0163,SK002,2,11
EMP0163,SK072,4,11
EMP0163,SK025,2,7
EMP0163,SK029,1,9
EMP0163,SK016,3,13
EMP0163,SK066,2,8
EMP0163,SK040,2,2
EMP0163,SK021,4,8
EMP0163,SK071,3,11
EMP0163,SK061,3,7
EMP0163,SK042,2,5
EMP0163,SK048,4,1
EMP0163,SK027,3,8
EMP0163,SK003,2,6
EMP0163,SK038,4,9
EMP0164,SK020,3,6
EMP0164,SK044,3,3
EMP0164,SK066,4,3
EMP0164,SK063,4,7
EMP0164,SK027,2,3
EMP0164,SK038,1,1
EMP0164,SK059,2,6
EMP0164,SK068,5,13
EMP0164,SK028,2,12
EMP0164,SK050,2,5
EMP0164,SK029,3,9
EMP0164,SK006,2,4
EMP0164,SK037,3,14
EMP0164,SK011,2,14
EMP0164,SK008,3,13
EMP0164,SK025,3,0
EMP0164,SK040,1,7
EMP0164,SK042,2,13
EMP0165,SK033,3,7
EMP0165,SK029,3,3
EMP0165,SK057,3,3
EMP0165,SK024,3,0
EMP0165,SK014,2,0
EMP0165,SK004,3,11
EMP0165,SK059,3,4
EMP0165,SK070,2,7
EMP0165,SK026,3,11
EMP0165,SK003,3,14
EMP0165,SK013,3,11
EMP0165,SK051,2,12
EMP0165,SK025,2,4
EMP0165,SK039,3,8
EMP0165,SK046,1,4
EMP0165,SK068,4,9
EMP0165,SK063,3,8
EMP0165,SK069,3,12
EMP0165,SK060,2,9
EMP0165,SK028,2,12
EMP0165,SK058,1,12
EMP0165,SK008,1,11
EMP0165,SK023,2,7
EMP0165,SK066,5,5
EMP0165,SK017,2,6
EMP0165,SK006,4,13
EMP0165,SK044,1,10
EMP0165,SK049,3,14
EMP0165,SK073,2,10
EMP0165,SK027,2,1
EMP0166,SK055,2,5
EMP0166,SK044,2,2
EMP0166,SK039,3,4
EMP0166,SK033,2,9
EMP0166,SK028,4,3
EMP0166,SK058,2,6
EMP0166,SK045,2,4
EMP0166,SK061,1,2
EMP0166,SK011,2,4
EMP0166,SK043,2,13
EMP0166,SK068,4,7
EMP0166,SK064,4,10
EMP0166,SK071,2,0
EMP0166,SK004,3,8
EMP0166,SK038,1,3
EMP0166,SK037,2,1
EMP0166,SK017,2,10
EMP0167,SK059,2,5
EMP0167,SK031,2,14
EMP0167,SK072,3,12
EMP0167,SK071,2,1
EMP0167,SK019,2,13
EMP0167,SK020,2,6
EMP0167,SK045,2,5
EMP0167,SK023,4,2
EMP0167,SK056,5,9
EMP0167,SK042,4,5
EMP0167,SK032,1,3
EMP0167,SK064,3,7
EMP0167,SK029,3,11
EMP0167,SK039,3,14
EMP0167,SK068,3,1
EMP0167,SK058,2,0
EMP0167,SK027,2,13
EMP0168,SK053,1,14
EMP0168,SK003,2,7
EMP0168,SK020,2,8
EMP0168,SK001,3,11
EMP0168,SK026,2,6
EMP0168,SK004,2,9
EMP0168,SK044,2,0
EMP0168,SK025,3,5
EMP0168,SK009,4,1
EMP0168,SK036,2,11
EMP0168,SK043,2,12
EMP0168,SK051,3,9
EMP0168,SK066,4,12
EMP0168,SK005,2,1
EMP0168,SK038,3,0
EMP0168,SK006,4,9
EMP0168,SK010,1,9
EMP0168,SK054,3,7
EMP0168,SK019,3,13
EMP0168,SK061,2,10
EMP0168,SK072,1,3
EMP0168,SK039,4,1
EMP0169,SK052,4,12
EMP0169,SK018,3,9
EMP0169,SK004,2,11
EMP0169,SK035,4,14
EMP0169,SK060,2,6
EMP0169,SK036,4,7
EMP0169,SK015,3,8
EMP0169,SK045,2,0
EMP0169,SK022,4,10
EMP0169,SK066,2,5
EMP0169,SK021,2,12
EMP0169,SK037,3,8
EMP0169,SK057,2,12
EMP0169,SK013,3,8
EMP0169,SK033,1,10
EMP0169,SK025,2,4
EMP0169,SK072,5,2
EMP0169,SK064,2,14
EMP0169,SK027,2,13
EMP0169,SK040,2,4
EMP0169,SK070,4,9
EMP0170,SK055,3,13
EMP0170,SK039,2,7
EMP0170,SK040,2,5
EMP0170,SK026,3,4
EMP0170,SK032,4,1
EMP0170,SK048,3,6
EMP0170,SK058,2,3
EMP0170,SK034,3,13
EMP0170,SK029,3,14
EMP0170,SK020,3,10
EMP0170,SK015,3,2
EMP0170,SK056,2,0
EMP0170,SK066,3,6
EMP0170,SK054,3,1
EMP0170,SK061,3,12
EMP0170,SK062,2,4
EMP0170,SK011,2,10
EMP0170,SK014,2,10
EMP0170,SK070,3,1
EMP0170,SK025,2,7
EMP0170,SK053,2,5
EMP0170,SK038,3,4
EMP0170,SK049,3,8
EMP0170,SK042,4,0
EMP0170,SK044,2,5
EMP0170,SK057,2,4
EMP0170,SK063,3,1
EMP0170,SK060,2,1
EMP0170,SK027,3,13
EMP0171,SK049,3,3
EMP0171,SK017,3,12
EMP0171,SK003,3,5
EMP0171,SK058,4,4
EMP0171,SK071,1,6
EMP0171,SK065,3,4
EMP0171,SK036,1,9
EMP0171,SK041,2,13
EMP0171,SK046,2,10
EMP0171,SK037,2,8
EMP0171,SK048,4,13
EMP0171,SK043,2,12
EMP0171,SK005,3,1
EMP0171,SK066,3,4
EMP0171,SK027,3,11
EMP0171,SK047,2,6
EMP0171,SK023,2,0
EMP0172,SK030,3,4
EMP0172,SK068,3,2
EMP0172,SK054,1,9
EMP0172,SK025,3,7
EMP0172,SK059,2,5
EMP0172,SK042,3,12
EMP0172,SK010,4,13
EMP0172,SK066,2,13
EMP0172,SK018,3,10
EMP0172,SK073,3,8
EMP0172,SK007,4,0
EMP0172,SK034,1,2
EMP0172,SK027,5,5
EMP0172,SK056,2,3
EMP0172,SK009,1,7
EMP0172,SK032,3,10
EMP0172,SK061,3,0
EMP0172,SK060,3,14
EMP0172,SK004,2,14
EMP0172,SK011,1,1
EMP0172,SK067,2,3
EMP0172,SK022,4,14
EMP0172,SK043,2,3
EMP0172,SK051,2,10
EMP0172,SK044,4,4
EMP0172,SK035,4,2
EMP0172,SK045,3,9
EMP0172,SK052,3,10
EMP0172,SK013,2,0
EMP0172,SK048,2,0
EMP0173,SK056,2,3
EMP0173,SK045,3,5
EMP0173,SK070,2,14
EMP0173,SK063,2,7
EMP0173,SK073,2,5
EMP0173,SK058,2,13
EMP0173,SK015,2,7
EMP0173,SK023,2,11
EMP0173,SK049,3,6
EMP0173,SK030,1,10
EMP0173,SK029,5,12
EMP0173,SK047,2,9
EMP0173,SK041,3,9
EMP0173,SK034,4,1
EMP0173,SK022,2,6
EMP0173,SK032,3,5
EMP0173,SK027,2,5
EMP0173,SK014,3,2
EMP0173,SK044,2,1
EMP0173,SK012,2,11
EMP0173,SK050,2,4
EMP0173,SK037,4,4
EMP0173,SK031,2,4
EMP0174,SK057,2,6
EMP0174,SK056,2,6
EMP0174,SK038,4,9
EMP0174,SK064,2,4
EMP0174,SK036,3,3
EMP0174,SK020,3,8
EMP0174,SK023,2,2
EMP0174,SK030,3,9
EMP0174,SK004,1,1
EMP0174,SK048,1,14
EMP0174,SK028,3,6
EMP0174,SK003,3,2
EMP0174,SK024,5,13
EMP0174,SK053,3,10
EMP0174,SK070,2,12
EMP0174,SK016,3,2
EMP0174,SK041,3,12
EMP0174,SK040,2,5
EMP0174,SK065,1,5
EMP0174,SK022,3,6
EMP0174,SK029,2,12
EMP0174,SK001,2,12
EMP0174,SK043,3,6
EMP0174,SK062,3,2
EMP0174,SK071,3,11
EMP0174,SK037,4,3
EMP0174,SK019,4,12
EMP0175,SK050,4,8
EMP0175,SK018,2,13
EMP0175,SK021,1,10
EMP0175,SK041,2,2
EMP0175,SK030,2,3
EMP0175,SK004,3,14
EMP0175,SK048,4,1
EMP0175,SK067,2,5
EMP0175,SK059,3,1
EMP0175,SK055,3,6
EMP0175,SK023,2,4
EMP0175,SK052,4,14
EMP0175,SK002,2,10
EMP0175,SK028,2,9
EMP0175,SK056,1,13
EMP0175,SK001,3,13
EMP0175,SK039,2,8
EMP0175,SK046,5,0
EMP0175,SK003,3,5
EMP0175,SK057,3,2
EMP0175,SK027,3,14
EMP0175,SK069,3,12
EMP0175,SK011,1,4
EMP0175,SK017,3,14
EMP0176,SK046,2,9
EMP0176,SK026,2,1
EMP0176,SK068,2,9
EMP0176,SK039,2,12
EMP0176,SK005,2,7
EMP0176,SK022,2,5
EMP0176,SK066,3,11
EMP0176,SK051,4,9
EMP0176,SK070,3,14
EMP0176,SK038,4,7
EMP0176,SK027,3,14
EMP0176,SK071,1,7
EMP0176,SK008,3,0
EMP0176,SK034,4,5
EMP0176,SK052,2,2
EMP0176,SK013,2,12
EMP0176,SK015,2,7
EMP0176,SK059,3,14
EMP0176,SK003,3,8
EMP0176,SK057,2,2
EMP0176,SK061,3,2
EMP0176,SK030,2,10
EMP0176,SK040,4,11
EMP0176,SK032,4,14
EMP0176,SK023,3,10
EMP0177,SK066,3,8
EMP0177,SK025,4,7
EMP0177,SK055,1,10
EMP0177,SK005,1,7
EMP0177,SK036,4,13
EMP0177,SK028,4,13
EMP0177,SK065,3,5
EMP0177,SK009,3,14
EMP0177,SK012,2,5
EMP0177,SK031,4,2
EMP0177,SK020,2,1
EMP0177,SK067,2,7
EMP0177,SK037,2,0
EMP0177,SK060,3,0
EMP0177,SK014,2,14
EMP0177,SK073,2,7
EMP0177,SK017,1,9
EMP0177,SK068,4,3
EMP0177,SK034,2,0
EMP0177,SK016,2,11
EMP0178,SK045,1,7
EMP0178,SK005,2,14
EMP0178,SK024,2,1
EMP0178,SK004,5,8
EMP0178,SK050,5,2
EMP0178,SK023,1,13
EMP0178,SK026,3,3
EMP0178,SK067,2,1
EMP0178,SK020,3,2
EMP0178,SK018,5,5
EMP0178,SK064,1,11
EMP0178,SK066,3,3
EMP0178,SK011,1,1
EMP0178,SK032,2,3
EMP0178,SK007,3,6
EMP0178,SK001,3,5
EMP0178,SK072,2,7
EMP0178,SK069,2,13
EMP0178,SK027,2,6
EMP0178,SK062,3,12
EMP0178,SK014,4,5
EMP0179,SK041,2,11
EMP0179,SK071,2,1
EMP0179,SK072,3,1
EMP0179,SK011,2,2
EMP0179,SK016,4,9
EMP0179,SK031,1,1
EMP0179,SK037,2,7
EMP0179,SK036,2,12
EMP0179,SK015,3,6
EMP0179,SK050,5,6
EMP0179,SK020,3,1
EMP0179,SK064,3,12
EMP0179,SK026,4,0
EMP0179,SK030,3,10
EMP0179,SK002,3,9
EMP0179,SK021,2,8
EMP0179,SK022,2,3
EMP0179,SK045,4,2
EMP0179,SK051,3,4
EMP0179,SK062,2,12
EMP0179,SK053,3,12
EMP0179,SK039,3,5
EMP0179,SK052,2,11
EMP0179,SK048,4,5
EMP0179,SK047,5,4
EMP0179,SK018,2,14
EMP0179,SK040,1,3
EMP0179,SK009,3,2
EMP0179,SK067,3,6
EMP0179,SK008,4,11
EMP0180,SK040,2,7
EMP0180,SK013,4,8
EMP0180,SK045,3,1
EMP0180,SK062,3,5
EMP0180,SK033,2,10
EMP0180,SK059,3,1
EMP0180,SK021,3,6
EMP0180,SK014,1,4
EMP0180,SK052,2,1
EMP0180,SK015,1,9
EMP0180,SK036,1,5
EMP0180,SK026,4,7
EMP0180,SK032,2,2
EMP0180,SK057,2,10
EMP0180,SK037,3,4
EMP0180,SK011,2,14
EMP0180,SK027,1,13
EMP0180,SK048,3,7
EMP0180,SK024,4,12
EMP0180,SK023,3,3
EMP0180,SK050,2,1
EMP0180,SK038,3,13
EMP0180,SK051,1,8
EMP0180,SK034,4,13
EMP0180,SK068,4,8
EMP0180,SK028,2,3
EMP0180,SK007,3,14
EMP0180,SK010,1,3
EMP0180,SK017,3,1
EMP0180,SK002,2,6
EMP0181,SK063,2,2
EMP0181,SK026,4,7
EMP0181,SK013,3,8
EMP0181,SK018,2,10
EMP0181,SK067,3,12
EMP0181,SK054,2,10
EMP0181,SK033,4,13
EMP0181,SK043,2,4
EMP0181,SK034,3,0
EMP0181,SK032,2,5
EMP0181,SK039,2,10
EMP0181,SK068,2,13
EMP0181,SK056,3,11
EMP0181,SK028,3,8
EMP0181,SK004,2,7
EMP0181,SK069,2,1
EMP0181,SK042,2,3
EMP0181,SK053,4,0
EMP0181,SK001,3,1
EMP0181,SK070,2,0
EMP0181,SK072,1,2
EMP0181,SK023,2,8
EMP0181,SK005,4,5
EMP0181,SK055,4,6
EMP0181,SK012,1,10
EMP0182,SK048,2,0
EMP0182,SK049,3,6
EMP0182,SK055,2,10
EMP0182,SK029,2,13
EMP0182,SK066,2,12
EMP0182,SK062,2,14
EMP0182,SK058,3,12
EMP0182,SK015,2,2
EMP0182,SK022,3,13
EMP0182,SK011,2,4
EMP0182,SK018,2,7
EMP0182,SK026,2,14
EMP0182,SK005,4,7
EMP0182,SK007,2,10
EMP0182,SK050,2,9
EMP0182,SK021,2,7
EMP0182,SK025,2,9
EMP0182,SK006,2,12
EMP0183,SK069,2,10
EMP0183,SK008,2,8
EMP0183,SK031,4,9
EMP0183,SK030,3,1
EMP0183,SK061,1,11
EMP0183,SK052,1,9
EMP0183,SK005,3,1
EMP0183,SK047,3,13
EMP0183,SK034,2,11
EMP0183,SK011,2,6
EMP0183,SK062,2,1
EMP0183,SK015,2,10
EMP0183,SK014,2,3
EMP0183,SK040,2,5
EMP0183,SK053,3,6
EMP0184,SK029,3,5
EMP0184,SK033,2,4
EMP0184,SK041,2,1
EMP0184,SK034,2,6
EMP0184,SK012,2,3
EMP0184,SK025,3,0
EMP0184,SK018,3,3
EMP0184,SK008,3,5
EMP0184,SK027,2,6
EMP0184,SK036,2,8
EMP0184,SK053,3,3
EMP0184,SK064,4,8
EMP0184,SK026,1,14
EMP0184,SK059,4,10
EMP0184,SK060,2,6
EMP0184,SK051,3,13
EMP0184,SK028,3,8
EMP0184,SK024,3,0
EMP0184,SK045,1,0
EMP0184,SK019,3,12
EMP0184,SK039,2,10
EMP0184,SK020,2,11
EMP0184,SK010,3,0
EMP0184,SK055,3,9
EMP0185,SK014,3,3
EMP0185,SK065,3,12
EMP0185,SK072,2,12
EMP0185,SK052,2,6
EMP0185,SK059,2,11
EMP0185,SK004,3,14
EMP0185,SK049,2,3
EMP0185,SK040,3,3
EMP0185,SK034,3,8
EMP0185,SK047,2,12
EMP0185,SK017,2,6
EMP0185,SK053,3,2
EMP0185,SK070,2,12
EMP0185,SK035,1,13
EMP0185,SK001,2,10
EMP0185,SK067,2,6
EMP0185,SK008,2,0
EMP0185,SK064,2,12
EMP0185,SK060,2,4
EMP0185,SK007,4,9
EMP0185,SK051,1,5
EMP0185,SK003,3,13
EMP0185,SK020,3,10
EMP0185,SK013,4,8
EMP0186,SK033,3,10
EMP0186,SK040,3,10
EMP0186,SK007,3,6
EMP0186,SK060,2,7
EMP0186,SK072,5,8
EMP0186,SK031,2,7
EMP0186,SK038,4,2
EMP0186,SK030,2,13
EMP0186,SK018,2,4
EMP0186,SK071,3,5
EMP0186,SK047,2,7
EMP0186,SK014,2,14
EMP0186,SK024,3,3
EMP0186,SK010,3,8
EMP0186,SK039,3,4
EMP0186,SK058,3,0
EMP0187,SK035,2,7
EMP0187,SK049,3,10
EMP0187,SK013,2,12
EMP0187,SK032,3,14
EMP0187,SK012,3,4
EMP0187,SK023,3,5
EMP0187,SK001,2,4
EMP0187,SK068,3,9
EMP0187,SK062,3,3
EMP0187,SK056,3,5
EMP0187,SK060,2,9
EMP0187,SK042,3,11
EMP0187,SK027,2,0
EMP0187,SK065,1,0
EMP0187,SK029,4,10
EMP0188,SK060,1,5
EMP0188,SK017,3,2
EMP0188,SK003,4,7
EMP0188,SK050,2,13
EMP0188,SK014,1,6
EMP0188,SK010,2,14
EMP0188,SK013,3,6
EMP0188,SK052,3,13
EMP0188,SK059,4,14
EMP0188,SK007,3,10
EMP0188,SK018,2,0
EMP0188,SK072,4,5
EMP0188,SK038,2,0
EMP0188,SK069,3,7
EMP0188,SK015,2,0
EMP0188,SK056,2,9
EMP0188,SK011,2,14
EMP0188,SK055,2,4
EMP0188,SK067,4,1
EMP0188,SK032,4,1
EMP0188,SK016,2,11
EMP0188,SK031,3,10
EMP0188,SK034,3,3
EMP0189,SK016,3,9
EMP0189,SK023,3,6
EMP0189,SK019,4,14
EMP0189,SK008,2,3
EMP0189,SK072,1,9
EMP0189,SK002,2,8
EMP0189,SK027,2,11
EMP0189,SK058,4,11
EMP0189,SK010,2,3
EMP0189,SK055,4,10
EMP0189,SK024,3,1
EMP0189,SK067,3,3
EMP0189,SK063,3,10
EMP0189,SK034,5,1
EMP0189,SK028,3,9
EMP0189,SK003,2,2
EMP0190,SK041,2,2
EMP0190,SK042,3,14
EMP0190,SK067,2,7
EMP0190,SK022,2,0
EMP0190,SK034,2,6
EMP0190,SK033,1,12
EMP0190,SK045,3,6
EMP0190,SK052,2,10
EMP0190,SK001,3,11
EMP0190,SK002,3,13
EMP0190,SK019,2,10
EMP0190,SK068,4,3
EMP0190,SK061,3,7
EMP0190,SK056,3,9
EMP0190,SK013,2,9
EMP0190,SK071,1,6
EMP0190,SK037,2,2
EMP0191,SK053,1,0
EMP0191,SK012,3,11
EMP0191,SK069,3,4
EMP0191,SK018,3,11
EMP0191,SK004,3,3
EMP0191,SK023,2,12
EMP0191,SK036,3,8
EMP0191,SK040,2,0
EMP0191,SK045,2,14
EMP0191,SK064,2,5
EMP0191,SK017,4,9
EMP0191,SK021,3,0
EMP0191,SK028,2,11
EMP0191,SK019,2,6
EMP0191,SK065,4,7
EMP0191,SK060,3,8
EMP0191,SK033,3,2
EMP0191,SK059,3,11
EMP0191,SK025,2,11
EMP0191,SK026,2,9
EMP0191,SK055,3,8
EMP0191,SK029,3,12
EMP0191,SK044,2,2
EMP0191,SK047,4,7
EMP0191,SK056,3,8
EMP0191,SK066,2,0
EMP0191,SK031,4,3
EMP0191,SK010,2,8
EMP0191,SK046,2,13
EMP0192,SK005,1,1
EMP0192,SK046,1,12
EMP0192,SK034,2,10
EMP0192,SK070,3,10
EMP0192,SK048,3,0
EMP0192,SK059,3,11
EMP0192,SK009,3,2
EMP0192,SK039,3,5
EMP0192,SK023,2,7
EMP0192,SK057,2,5
EMP0192,SK006,2,12
EMP0192,SK038,4,3
EMP0192,SK020,2,2
EMP0192,SK041,3,5
EMP0192,SK058,3,9
EMP0192,SK001,4,11
EMP0192,SK030,3,7
EMP0192,SK033,2,14
EMP0192,SK064,2,11
EMP0192,SK060,3,13
EMP0192,SK051,4,1
EMP0192,SK045,2,3
EMP0192,SK049,2,0
EMP0192,SK056,3,10
EMP0192,SK032,2,1
EMP0192,SK043,2,9
EMP0192,SK029,3,14
EMP0192,SK011,2,5
EMP0192,SK024,1,8
EMP0193,SK026,3,9
EMP0193,SK033,2,11
EMP0193,SK036,2,5
EMP0193,SK014,2,8
EMP0193,SK065,3,0
EMP0193,SK039,4,14
EMP0193,SK057,3,12
EMP0193,SK031,2,9
EMP0193,SK008,2,12
EMP0193,SK028,2,6
EMP0193,SK030,1,1
EMP0193,SK020,4,1
EMP0193,SK046,3,0
EMP0193,SK024,3,3
EMP0193,SK070,2,8
EMP0193,SK003,4,11
EMP0193,SK048,2,2
EMP0193,SK051,3,1
EMP0193,SK056,4,3
EMP0193,SK019,3,5
EMP0193,SK049,3,11
EMP0193,SK021,3,0
EMP0193,SK001,2,5
EMP0193,SK041,1,2
EMP0193,SK068,3,5
EMP0193,SK064,1,11
EMP0194,SK020,2,11
EMP0194,SK022,1,10
EMP0194,SK057,3,2
EMP0194,SK059,3,8
EMP0194,SK054,2,0
EMP0194,SK029,2,11
EMP0194,SK012,5,10
EMP0194,SK071,3,10
EMP0194,SK011,3,4
EMP0194,SK072,2,6
EMP0194,SK067,3,9
EMP0194,SK040,4,9
EMP0194,SK031,3,11
EMP0194,SK046,4,14
EMP0194,SK018,3,3
EMP0194,SK050,3,7
EMP0194,SK056,1,0
EMP0194,SK006,3,4
EMP0194,SK045,4,12
EMP0194,SK051,2,10
EMP0194,SK033,2,1
EMP0194,SK019,5,0
EMP0194,SK007,4,12
EMP0194,SK042,4,12
EMP0194,SK027,4,6
EMP0194,SK049,3,3
EMP0195,SK041,2,9
EMP0195,SK029,3,11
EMP0195,SK063,3,11
EMP0195,SK050,2,14
EMP0195,SK033,2,4
EMP0195,SK066,1,5
EMP0195,SK071,3,7
EMP0195,SK013,3,11
EMP0195,SK069,3,12
EMP0195,SK006,2,13
EMP0195,SK057,1,13
EMP0195,SK058,4,3
EMP0195,SK020,2,9
EMP0195,SK044,2,13
EMP0195,SK073,3,1
EMP0195,SK054,2,6
EMP0195,SK048,2,14
EMP0195,SK012,4,6
EMP0195,SK065,4,3
EMP0195,SK018,3,4
EMP0195,SK040,1,11
EMP0195,SK039,3,9
EMP0196,SK025,2,14
EMP0196,SK026,3,3
EMP0196,SK019,3,12
EMP0196,SK009,3,5
EMP0196,SK051,2,7
EMP0196,SK035,2,8
EMP0196,SK023,2,13
EMP0196,SK068,2,8
EMP0196,SK042,2,8
EMP0196,SK049,1,0
EMP0196,SK002,1,9
EMP0196,SK069,3,13
EMP0196,SK059,1,11
EMP0196,SK029,3,8
EMP0196,SK030,1,9
EMP0196,SK013,3,14
EMP0196,SK057,3,8
EMP0196,SK065,4,13
EMP0196,SK073,2,12
EMP0196,SK028,2,3
EMP0196,SK045,1,13
EMP0197,SK007,2,3
EMP0197,SK072,3,14
EMP0197,SK073,2,13
EMP0197,SK021,3,8
EMP0197,SK051,2,4
EMP0197,SK036,4,5
EMP0197,SK012,1,9
EMP0197,SK015,3,4
EMP0197,SK022,3,5
EMP0197,SK001,4,7
EMP0197,SK058,2,11
EMP0197,SK006,3,4
EMP0197,SK034,2,4
EMP0197,SK053,2,5
EMP0197,SK032,4,2
EMP0197,SK008,2,14
EMP0197,SK043,2,7
EMP0197,SK052,3,7
EMP0197,SK027,2,10
EMP0197,SK039,3,14
EMP0197,SK041,2,0
EMP0197,SK025,3,3
EMP0197,SK044,1,1
EMP0198,SK042,2,2
EMP0198,SK032,2,11
EMP0198,SK033,2,5
EMP0198,SK034,4,1
EMP0198,SK071,2,4
EMP0198,SK041,2,6
EMP0198,SK009,4,14
EMP0198,SK073,3,4
EMP0198,SK022,2,7
EMP0198,SK065,3,10
EMP0198,SK039,3,0
EMP0198,SK046,3,2
EMP0198,SK067,2,5
EMP0198,SK004,2,10
EMP0198,SK040,3,9
EMP0198,SK047,1,12
EMP0198,SK053,2,13
EMP0198,SK001,2,9
EMP0198,SK037,3,13
EMP0198,SK003,1,4
EMP0198,SK012,2,8
EMP0198,SK044,4,14
EMP0198,SK017,2,5
EMP0198,SK031,2,6
EMP0198,SK059,3,10
EMP0198,SK068,2,8
EMP0198,SK018,4,10
EMP0198,SK072,3,0
EMP0199,SK073,4,11
EMP0199,SK032,3,11
EMP0199,SK021,3,6
EMP0199,SK034,2,11
EMP0199,SK054,2,5
EMP0199,SK043,2,9
EMP0199,SK055,1,10
EMP0199,SK044,3,14
EMP0199,SK057,3,13
EMP0199,SK011,3,5
EMP0199,SK019,3,0
EMP0199,SK058,3,1
EMP0199,SK025,2,11
EMP0199,SK026,3,4
EMP0199,SK031,4,11
EMP0199,SK001,2,13
EMP0199,SK013,1,0
EMP0199,SK065,2,8
EMP0199,SK029,1,8
EMP0199,SK064,3,5
EMP0199,SK069,3,0
EMP0199,SK024,3,4
EMP0199,SK005,3,11
EMP0199,SK035,2,2
EMP0199,SK059,3,14
EMP0199,SK036,3,6
EMP0199,SK028,3,4
EMP0199,SK018,2,2
EMP0199,SK071,2,5
EMP0200,SK070,2,8
EMP0200,SK013,2,9
EMP0200,SK064,3,7
EMP0200,SK066,2,9
EMP0200,SK010,2,6
EMP0200,SK057,1,5
EMP0200,SK071,2,4
EMP0200,SK033,2,12
EMP0200,SK073,2,11
EMP0200,SK030,4,9
EMP0200,SK054,1,11
EMP0200,SK038,5,0
EMP0200,SK051,2,5
EMP0200,SK015,2,8
EMP0200,SK008,3,4
EMP0200,SK065,2,6
EMP0200,SK023,3,0
EMP0200,SK024,3,13
EMP0200,SK061,5,11
EMP0200,SK056,2,7
EMP0200,SK040,3,13
EMP0200,SK052,4,7
EMP0200,SK068,3,7
EMP0200,SK031,3,11
